-- phpMyAdmin SQL Dump
-- version 4.2.7.1
-- http://www.phpmyadmin.net
--
-- Servidor: 127.0.0.1
-- Tiempo de generación: 26-08-2015 a las 18:23:02
-- Versión del servidor: 5.5.39
-- Versión de PHP: 5.4.31

SET SQL_MODE = "NO_AUTO_VALUE_ON_ZERO";
SET time_zone = "+00:00";


/*!40101 SET @OLD_CHARACTER_SET_CLIENT=@@CHARACTER_SET_CLIENT */;
/*!40101 SET @OLD_CHARACTER_SET_RESULTS=@@CHARACTER_SET_RESULTS */;
/*!40101 SET @OLD_COLLATION_CONNECTION=@@COLLATION_CONNECTION */;
/*!40101 SET NAMES utf8 */;

--
-- Base de datos: `hcsxetdb`
--

-- --------------------------------------------------------

--
-- Estructura de tabla para la tabla `contiene`
--

CREATE TABLE IF NOT EXISTS `contiene` (
  `id_lista` int(50) NOT NULL,
  `id_destinatario` int(100) NOT NULL
) ENGINE=InnoDB DEFAULT CHARSET=utf8 COLLATE=utf8_unicode_ci;

--
-- Volcado de datos para la tabla `contiene`
--

INSERT INTO `contiene` (`id_lista`, `id_destinatario`) VALUES
(2, 1),
(3, 1),
(4, 1),
(5, 1),
(6, 1),
(7, 1),
(8, 1),
(9, 1),
(10, 1),
(105, 1),
(2, 2),
(3, 2),
(4, 2),
(5, 2),
(6, 2),
(7, 2),
(8, 2),
(9, 2),
(10, 2),
(2, 3),
(3, 3),
(4, 3),
(5, 3),
(6, 3),
(7, 3),
(8, 3),
(9, 3),
(10, 3),
(2, 4),
(3, 4),
(4, 4),
(5, 4),
(6, 4),
(7, 4),
(8, 4),
(9, 4),
(10, 4),
(1, 5),
(2, 5),
(3, 5),
(4, 5),
(5, 5),
(6, 5),
(7, 5),
(8, 5),
(9, 5),
(10, 5),
(1, 6),
(2, 6),
(3, 6),
(4, 6),
(5, 6),
(6, 6),
(7, 6),
(8, 6),
(9, 6),
(10, 6),
(1, 7),
(2, 7),
(3, 7),
(4, 7),
(5, 7),
(6, 7),
(7, 7),
(8, 7),
(9, 7),
(10, 7),
(1, 8),
(2, 8),
(3, 8),
(4, 8),
(5, 8),
(6, 8),
(7, 8),
(8, 8),
(9, 8),
(10, 8),
(1, 9),
(2, 9),
(3, 9),
(4, 9),
(5, 9),
(6, 9),
(7, 9),
(8, 9),
(9, 9),
(10, 9),
(2, 10),
(3, 10),
(4, 10),
(5, 10),
(6, 10),
(7, 10),
(8, 10),
(9, 10),
(10, 10),
(105, 303),
(105, 306),
(102, 313),
(106, 326),
(106, 327),
(107, 328),
(107, 329),
(107, 330);

-- --------------------------------------------------------

--
-- Estructura de tabla para la tabla `destinatario`
--

CREATE TABLE IF NOT EXISTS `destinatario` (
`id_destinatario` int(100) NOT NULL,
  `email_destinatario` varchar(70) COLLATE utf8_unicode_ci NOT NULL,
  `nombre_destinatario` varchar(50) COLLATE utf8_unicode_ci DEFAULT NULL,
  `apellidos_destinatario` varchar(150) COLLATE utf8_unicode_ci DEFAULT NULL
) ENGINE=InnoDB  DEFAULT CHARSET=utf8 COLLATE=utf8_unicode_ci AUTO_INCREMENT=333 ;

--
-- Volcado de datos para la tabla `destinatario`
--

INSERT INTO `destinatario` (`id_destinatario`, `email_destinatario`, `nombre_destinatario`, `apellidos_destinatario`) VALUES
(1, 'dolor@Donec.com', 'Brenna', 'Cotton'),
(2, 'ipsum.Phasellus.vitae@primisin.edu', 'Charles', 'Wong'),
(3, 'dui.quis@semvitaealiquam.org', 'Nichole', 'Mcpherson'),
(4, 'eu.turpis@tellusjusto.org', 'Norman', 'Dalton'),
(5, 'massa.Suspendisse@fermentumfermentum.org', 'Philip', 'Ochoa'),
(6, 'libero@dolorQuisque.edu', 'Eric', 'Davidson'),
(7, 'ut.cursus@magna.org', 'Neville', 'Cox'),
(8, 'Suspendisse.non@tinciduntnequevitae.ca', 'Jayme', 'Gaines'),
(9, 'aliquet.Phasellus.fermentum@tempusnon.net', 'Dylan', 'Wiggins'),
(10, 'bibendum.Donec@felisDonec.net', 'Amity', 'Crosby'),
(11, 'tellus.eu@ametfaucibus.net', 'Fitzgerald', 'Rogers'),
(12, 'non.sapien.molestie@quamdignissimpharetra.co.uk', 'Brooke', 'Flowers'),
(13, 'eu.enim.Etiam@adipiscing.com', 'Illiana', 'Nieves'),
(14, 'gravida@tellusAeneanegestas.edu', 'Darrel', 'Harmon'),
(15, 'condimentum@mauris.co.uk', 'Sharon', 'Stuart'),
(16, 'mauris.ut@NullafacilisiSed.com', 'Alexander', 'Holcomb'),
(17, 'Curabitur.dictum@molestiearcuSed.edu', 'Brian', 'Humphrey'),
(18, 'nulla.In@euduiCum.net', 'Dorothy', 'Mathews'),
(19, 'tempor@Donecegestas.com', 'Raphael', 'Langley'),
(20, 'Vivamus.rhoncus.Donec@ategestasa.co.uk', 'Blaze', 'Sims'),
(21, 'neque.pellentesque@mollisvitae.net', 'Paki', 'Hubbard'),
(22, 'Etiam.ligula@duilectusrutrum.org', 'Gray', 'Rogers'),
(23, 'nulla@Proinvel.com', 'Desirae', 'Kane'),
(24, 'Sed.id.risus@quamafelis.net', 'Lionel', 'Browning'),
(25, 'aliquet.molestie.tellus@Maurismolestie.ca', 'Nero', 'Lancaster'),
(26, 'Cras@id.org', 'Armando', 'Valencia'),
(27, 'diam@ipsumCurabiturconsequat.ca', 'Ivor', 'Chandler'),
(28, 'gravida.sit@acfacilisisfacilisis.ca', 'Mallory', 'Macias'),
(29, 'vel@a.org', 'Dara', 'Russo'),
(30, 'quis@disparturientmontes.co.uk', 'Ulysses', 'Hughes'),
(31, 'adipiscing.elit@Sednunc.ca', 'Elliott', 'Juarez'),
(32, 'ornare.egestas@nibhlacinia.net', 'Wang', 'Lester'),
(33, 'in.faucibus.orci@ettristique.ca', 'Ivana', 'Matthews'),
(34, 'dictum.cursus@Nulla.edu', 'Buckminster', 'Frost'),
(35, 'Donec@luctusvulputatenisi.org', 'Nash', 'Perez'),
(36, 'cursus.vestibulum.Mauris@venenatis.co.uk', 'Shoshana', 'Mcneil'),
(37, 'vel@semutcursus.ca', 'Zachary', 'Gay'),
(38, 'eget.tincidunt@Inscelerisque.com', 'Stuart', 'Briggs'),
(39, 'Integer.in@Suspendissecommodotincidunt.edu', 'Sade', 'Little'),
(40, 'urna.Nullam@sapiencursus.ca', 'Keefe', 'Shaw'),
(41, 'Nullam@convallis.co.uk', 'Lynn', 'Stokes'),
(42, 'In@Quisquepurussapien.org', 'Chava', 'Lopez'),
(43, 'vitae.aliquam.eros@Incondimentum.com', 'Lilah', 'Anthony'),
(44, 'aliquet.odio@tristiquepellentesquetellus.org', 'Herrod', 'Hopper'),
(45, 'Fusce@auctornunc.com', 'Iona', 'Cooke'),
(46, 'dictum@interdum.org', 'Mona', 'Woodward'),
(47, 'augue.id.ante@fringillaDonecfeugiat.co.uk', 'Oren', 'Riley'),
(48, 'a.odio.semper@erat.com', 'Wyatt', 'Holden'),
(49, 'consectetuer.euismod.est@primisinfaucibus.org', 'Troy', 'Hyde'),
(50, 'magna.a.neque@lobortis.com', 'Laith', 'Petersen'),
(51, 'porttitor.interdum.Sed@ut.edu', 'Lacy', 'Diaz'),
(52, 'orci.luctus.et@arcuvelquam.co.uk', 'Owen', 'Reynolds'),
(53, 'urna.Nunc@Praesenteunulla.ca', 'Wyoming', 'Landry'),
(54, 'aliquam.enim@vitaepurus.ca', 'Hayden', 'Sanford'),
(55, 'adipiscing.elit.Etiam@arcu.com', 'Merritt', 'Faulkner'),
(56, 'Nam@luctuset.org', 'Josiah', 'Wong'),
(57, 'Cras.convallis@dolor.edu', 'Clark', 'Pacheco'),
(58, 'consequat.enim@ac.net', 'Kaseem', 'Morse'),
(59, 'neque.Nullam.nisl@nonvestibulumnec.net', 'Ayanna', 'Vargas'),
(60, 'nulla@nisi.net', 'Dakota', 'Whitaker'),
(61, 'elit.dictum@amet.ca', 'Leilani', 'Romero'),
(62, 'at@Curabitursed.org', 'Hedy', 'Cole'),
(63, 'ut.aliquam@eratVivamusnisi.edu', 'Samson', 'Sawyer'),
(64, 'lectus@molestiepharetranibh.net', 'Caldwell', 'Callahan'),
(65, 'viverra@orci.net', 'Nash', 'Klein'),
(66, 'Ut.nec@inaliquetlobortis.com', 'Zenia', 'Levine'),
(67, 'Aenean.gravida.nunc@commodohendrerit.org', 'George', 'Puckett'),
(68, 'Aliquam.nec@convallisincursus.co.uk', 'Jesse', 'Alvarado'),
(69, 'tempor.arcu.Vestibulum@Nunclectuspede.edu', 'Craig', 'Clay'),
(70, 'Cum@Nuncmauris.ca', 'Ishmael', 'Joseph'),
(71, 'tristique.pellentesque@eulacus.co.uk', 'Beau', 'Landry'),
(72, 'at.iaculis.quis@risusa.net', 'Rogan', 'Knowles'),
(73, 'ut.nulla.Cras@venenatis.co.uk', 'Ila', 'Davenport'),
(74, 'rhoncus.Donec@nullamagnamalesuada.net', 'Nehru', 'Durham'),
(75, 'Fusce@nibh.com', 'Jakeem', 'Gilliam'),
(76, 'parturient@Donec.ca', 'Nomlanga', 'Charles'),
(77, 'nunc.ac.mattis@Morbi.co.uk', 'Hayley', 'Mcdaniel'),
(78, 'vitae@massa.co.uk', 'Bruno', 'Wilkinson'),
(79, 'id@Nam.com', 'Hilel', 'Gray'),
(80, 'nec.luctus.felis@tempor.com', 'Reece', 'Brooks'),
(81, 'facilisis@elit.edu', 'Brock', 'Velasquez'),
(82, 'lorem@enimSednulla.ca', 'Armand', 'Dawson'),
(83, 'lacus.pede@tempordiam.ca', 'Zorita', 'Thornton'),
(84, 'lorem.auctor.quis@porttitor.net', 'Ainsley', 'Freeman'),
(85, 'fringilla@mauris.net', 'Neil', 'Dalton'),
(86, 'erat.Vivamus@magnaNam.co.uk', 'Victoria', 'Boone'),
(87, 'nec.enim.Nunc@idante.edu', 'Nero', 'Mercado'),
(88, 'penatibus@Mauris.edu', 'Valentine', 'Sampson'),
(89, 'risus.varius.orci@dictum.edu', 'Zenaida', 'Hahn'),
(90, 'sem.molestie.sodales@auctorvitaealiquet.net', 'William', 'Wilcox'),
(91, 'lorem@vestibulum.ca', 'Indira', 'Burks'),
(92, 'placerat@ultriciesadipiscing.net', 'Herman', 'Clemons'),
(93, 'ipsum@nequesedsem.com', 'Hilda', 'Brock'),
(94, 'Cras@semegetmassa.org', 'Emma', 'Lindsay'),
(95, 'lacus.Quisque.purus@nibhvulputatemauris.co.uk', 'Fulton', 'Cote'),
(96, 'Pellentesque@dolorsitamet.ca', 'Silas', 'Hebert'),
(97, 'vel.sapien.imperdiet@acfeugiat.ca', 'Rhea', 'Mcfadden'),
(98, 'cubilia@risus.ca', 'Alexis', 'Oliver'),
(99, 'ante.lectus.convallis@posuere.ca', 'Ann', 'Klein'),
(100, 'tellus@Aeneanegetmetus.org', 'Tanner', 'Lester'),
(101, 'Donec@Phasellusfermentumconvallis.org', 'Avram', 'Randall'),
(102, 'ut.molestie@milacinia.com', 'Chandler', 'Avery'),
(103, 'ultrices.sit.amet@gravidamauris.ca', 'Blake', 'Puckett'),
(104, 'ac.orci@liberoMorbi.edu', 'Isabella', 'Hess'),
(105, 'in@acmetusvitae.ca', 'Freya', 'Fitzgerald'),
(106, 'Nunc.lectus@pede.co.uk', 'Nehru', 'Garner'),
(107, 'luctus.et.ultrices@convallisest.net', 'Irma', 'Watson'),
(108, 'sem@mi.com', 'Venus', 'Pace'),
(109, 'nibh.sit@pretium.org', 'Mari', 'House'),
(110, 'aliquet@posuerecubilia.org', 'Ian', 'Simon'),
(111, 'malesuada.fames@egestasurnajusto.net', 'Libby', 'Hayes'),
(112, 'enim@Integervulputate.co.uk', 'Dillon', 'Long'),
(113, 'venenatis@Donecestmauris.co.uk', 'Tyler', 'Knapp'),
(114, 'egestas.rhoncus@Donectempuslorem.org', 'Alice', 'Rojas'),
(115, 'velit.dui@arcuiaculisenim.org', 'Susan', 'Buchanan'),
(116, 'quam@convallisdolor.ca', 'Justina', 'Brock'),
(117, 'auctor.non@etpede.net', 'Sierra', 'Underwood'),
(118, 'non.quam.Pellentesque@lorem.ca', 'Kenneth', 'Harris'),
(119, 'cursus.diam@nullavulputate.ca', 'Caesar', 'Mooney'),
(120, 'orci.adipiscing.non@mollisdui.edu', 'Kamal', 'Phillips'),
(121, 'magna@vulputateullamcorper.edu', 'Orla', 'Talley'),
(122, 'sit.amet.ultricies@atauctor.co.uk', 'Amal', 'Conrad'),
(123, 'parturient.montes@primisinfaucibus.org', 'Amos', 'Hamilton'),
(124, 'dolor.quam@ipsumleo.co.uk', 'Thane', 'Wise'),
(125, 'augue@mauris.co.uk', 'Vernon', 'Contreras'),
(126, 'odio.Nam.interdum@neccursusa.org', 'Tamekah', 'Morin'),
(127, 'In.scelerisque.scelerisque@infaucibus.com', 'Bethany', 'Atkins'),
(128, 'tempor.est@congue.org', 'Valentine', 'Gillespie'),
(129, 'Praesent.eu@metusAeneansed.com', 'Aretha', 'Cardenas'),
(130, 'risus@nonduinec.ca', 'Anjolie', 'Mcdonald'),
(131, 'vel@sit.com', 'Lila', 'Bolton'),
(132, 'Proin@nuncullamcorper.co.uk', 'Stacey', 'Garner'),
(133, 'malesuada.ut.sem@faucibusorciluctus.net', 'Kaye', 'Hogan'),
(134, 'Fusce@dapibusrutrumjusto.co.uk', 'Imelda', 'Ray'),
(135, 'enim.Etiam.gravida@dignissim.net', 'Wayne', 'Sawyer'),
(136, 'odio.Aliquam@consequatlectussit.co.uk', 'Claire', 'Hamilton'),
(137, 'volutpat@dui.edu', 'Hannah', 'Gordon'),
(138, 'metus@liberonec.co.uk', 'Tamara', 'Callahan'),
(139, 'vulputate.nisi.sem@Vivamussitamet.com', 'Myles', 'Lamb'),
(140, 'odio@actellus.ca', 'Fallon', 'Cruz'),
(141, 'sollicitudin.orci.sem@estNunclaoreet.org', 'Dalton', 'Finch'),
(142, 'Pellentesque.ut@eratnonummyultricies.co.uk', 'Pamela', 'Erickson'),
(143, 'at.iaculis@tellusNunc.ca', 'Elmo', 'Clements'),
(144, 'senectus.et@Cras.ca', 'Christine', 'Cooper'),
(145, 'vitae@lobortisquispede.edu', 'Cynthia', 'Merrill'),
(146, 'lorem.fringilla@iaculisquis.net', 'Hyatt', 'Lara'),
(147, 'pretium@magnisdisparturient.com', 'Luke', 'Wolfe'),
(148, 'Nulla.tempor.augue@laciniaatiaculis.ca', 'Ursula', 'Reeves'),
(149, 'Suspendisse.eleifend@rutrum.edu', 'Sigourney', 'Sharp'),
(150, 'In@magnaPraesentinterdum.co.uk', 'Zeus', 'King'),
(151, 'semper.egestas@nislarcuiaculis.org', 'Lisandra', 'Campos'),
(152, 'elit.Etiam@Vestibulumante.com', 'Bruno', 'Campbell'),
(153, 'dolor@euismodenimEtiam.ca', 'Patrick', 'Russo'),
(154, 'neque.Nullam@nec.co.uk', 'Quamar', 'Macias'),
(155, 'accumsan.neque@ligula.co.uk', 'Carolyn', 'Melendez'),
(156, 'diam.nunc@turpisvitae.com', 'Neve', 'Gibson'),
(157, 'ornare.sagittis@amet.ca', 'Quin', 'Britt'),
(158, 'orci.luctus@imperdietnon.ca', 'Jamal', 'Mccall'),
(159, 'nec.tellus@Fuscealiquet.com', 'Macey', 'Copeland'),
(160, 'arcu.Vestibulum@lobortisquam.org', 'Wyatt', 'Patel'),
(161, 'non@aliquetvel.net', 'Karina', 'Gilmore'),
(162, 'Suspendisse@sapiencursusin.net', 'Darrel', 'Houston'),
(163, 'mauris.erat@ultrices.net', 'Hasad', 'Drake'),
(164, 'primis.in@eusem.org', 'Tatum', 'Robbins'),
(165, 'nulla@semvitae.net', 'Karina', 'Kirby'),
(166, 'molestie.sodales.Mauris@Pellentesque.net', 'Kessie', 'Alford'),
(167, 'non.justo@Quisque.com', 'Piper', 'Bonner'),
(168, 'egestas.urna.justo@ametornarelectus.net', 'Castor', 'Morse'),
(169, 'lacus.Cras.interdum@magnisdis.com', 'Risa', 'Wooten'),
(170, 'ac.nulla@quisurnaNunc.net', 'Slade', 'Pollard'),
(171, 'quam@tincidunt.ca', 'Ayanna', 'Velazquez'),
(172, 'placerat.Cras.dictum@Duis.edu', 'Janna', 'Swanson'),
(173, 'Proin.nisl.sem@Duis.edu', 'Guinevere', 'Edwards'),
(174, 'Phasellus@eudoloregestas.net', 'Allegra', 'Knight'),
(175, 'vel.est@Donecestmauris.co.uk', 'Ezra', 'Copeland'),
(176, 'lorem@fringillaeuismod.edu', 'Camille', 'Mccormick'),
(177, 'porttitor.eros.nec@sagittisNullam.ca', 'Bianca', 'Cotton'),
(178, 'nunc.sed@duinecurna.net', 'Ali', 'Shaffer'),
(179, 'turpis.Nulla.aliquet@temporestac.org', 'Tiger', 'Sandoval'),
(180, 'ac.turpis.egestas@est.co.uk', 'Nolan', 'Bell'),
(181, 'magna.Duis.dignissim@Phasellusnulla.org', 'Naida', 'Stone'),
(182, 'magna.Sed.eu@faucibus.com', 'Channing', 'Pennington'),
(183, 'Nunc@dolorvitae.co.uk', 'Idona', 'Guerrero'),
(184, 'faucibus@dapibus.org', 'Doris', 'Stevenson'),
(185, 'convallis@arcuiaculis.net', 'Clio', 'Johnston'),
(186, 'sem.semper.erat@netus.org', 'Quon', 'Fisher'),
(187, 'vitae.aliquet@utipsum.com', 'Galvin', 'Vaughn'),
(188, 'vel.convallis@bibendum.co.uk', 'Keegan', 'Dodson'),
(189, 'Integer.urna.Vivamus@Quisque.edu', 'Courtney', 'Galloway'),
(190, 'dictum.Phasellus@id.edu', 'Cairo', 'Cox'),
(191, 'quis@ultriciesadipiscingenim.org', 'Aiko', 'Rowe'),
(192, 'in@dolorelitpellentesque.ca', 'Tanek', 'Perry'),
(193, 'primis.in@massaMaurisvestibulum.edu', 'Leigh', 'Delgado'),
(194, 'at.pretium.aliquet@maurissitamet.net', 'Harlan', 'Rivas'),
(195, 'diam@metusIn.edu', 'Chloe', 'Estrada'),
(196, 'sed.tortor@Mauris.edu', 'Rae', 'Kirby'),
(197, 'eleifend@nonenim.co.uk', 'Gabriel', 'Workman'),
(198, 'nec.urna.et@nec.com', 'Judah', 'Allison'),
(199, 'euismod.ac.fermentum@sedpedenec.edu', 'Christen', 'Hutchinson'),
(200, 'felis.Donec@euplacerat.co.uk', 'Harlan', 'Washington'),
(201, 'nascetur.ridiculus@quamCurabiturvel.net', 'Julian', 'Gaines'),
(202, 'pellentesque.eget.dictum@nonloremvitae.com', 'Serina', 'Rich'),
(203, 'dolor.Fusce.feugiat@Duiscursusdiam.org', 'Simone', 'Boyer'),
(204, 'placerat@enimnonnisi.edu', 'Kalia', 'Heath'),
(205, 'arcu.Vestibulum@ProinmiAliquam.co.uk', 'Wallace', 'West'),
(206, 'ipsum@feugiatSed.co.uk', 'Conan', 'Abbott'),
(207, 'arcu.Curabitur.ut@pedeacurna.com', 'Tallulah', 'Nelson'),
(208, 'Duis@Phasellus.edu', 'Xerxes', 'Dickson'),
(209, 'dolor@dolordapibusgravida.co.uk', 'Bo', 'Molina'),
(210, 'nulla.In@ProindolorNulla.org', 'Isabelle', 'Mcleod'),
(211, 'magnis.dis@vel.co.uk', 'Barry', 'Potter'),
(212, 'risus@Duis.com', 'Arthur', 'Manning'),
(213, 'a.feugiat.tellus@scelerisque.edu', 'Holmes', 'Gamble'),
(214, 'Etiam.laoreet@Loremipsumdolor.org', 'Kennan', 'Houston'),
(215, 'Suspendisse@ipsumDonecsollicitudin.net', 'Jason', 'Weiss'),
(216, 'pharetra.sed.hendrerit@nonenim.org', 'David', 'Newton'),
(217, 'iaculis.quis@Nuncmauriselit.net', 'Callum', 'Bentley'),
(218, 'libero@antelectusconvallis.ca', 'Vera', 'Murray'),
(219, 'neque@iaculislacus.net', 'Zenia', 'Lewis'),
(220, 'auctor.odio@risus.co.uk', 'Tad', 'Payne'),
(221, 'a@Proinnon.org', 'Joelle', 'Ball'),
(222, 'magna.tellus@Duismienim.ca', 'Ruby', 'Mcneil'),
(223, 'dictum.ultricies.ligula@auctorquistristique.ca', 'Oscar', 'Potter'),
(224, 'Lorem.ipsum@laoreet.org', 'Tatiana', 'Harrington'),
(225, 'consequat@semutcursus.co.uk', 'Blaine', 'Kinney'),
(226, 'tellus.Nunc.lectus@vitaealiquetnec.edu', 'Neil', 'Wiggins'),
(227, 'nisi.Cum@magnisdis.edu', 'Kaden', 'Hudson'),
(228, 'habitant.morbi.tristique@estacfacilisis.edu', 'Michael', 'Chavez'),
(229, 'molestie.tortor.nibh@diameudolor.net', 'Colorado', 'Walter'),
(230, 'Mauris.magna@mollisvitae.co.uk', 'Norman', 'Alston'),
(231, 'Proin.mi@vitaesodales.org', 'Jane', 'Cameron'),
(232, 'vestibulum.massa.rutrum@metus.edu', 'Rylee', 'Hopper'),
(233, 'magnis.dis.parturient@quam.org', 'Athena', 'Hodge'),
(234, 'ac.facilisis.facilisis@ultrices.org', 'Imani', 'Clayton'),
(235, 'eu.dolor@nisiCum.ca', 'Adria', 'Haynes'),
(236, 'condimentum@nisl.com', 'Chava', 'Rodriguez'),
(237, 'egestas.lacinia@ipsumDonec.edu', 'Theodore', 'Gallagher'),
(238, 'sit.amet.ante@velmauris.org', 'Bell', 'Henson'),
(239, 'Nam.tempor@euodio.edu', 'Aurelia', 'Rollins'),
(240, 'dui@mauris.co.uk', 'Luke', 'Meyers'),
(241, 'arcu.Aliquam.ultrices@risusIn.org', 'Jasper', 'Carter'),
(242, 'Duis@arcu.org', 'Ignatius', 'Berg'),
(243, 'sit.amet.dapibus@dolorelitpellentesque.ca', 'Mariam', 'Berry'),
(244, 'risus.at@augueid.org', 'Marvin', 'Greene'),
(245, 'feugiat.nec.diam@faucibusleo.edu', 'Fiona', 'Burt'),
(246, 'vitae.mauris.sit@risusQuisque.ca', 'Odysseus', 'Elliott'),
(247, 'fermentum.convallis@dolorQuisquetincidunt.ca', 'Faith', 'Cummings'),
(248, 'hymenaeos.Mauris@ligulaDonec.ca', 'Rama', 'Combs'),
(249, 'sagittis.placerat.Cras@erat.org', 'Maile', 'Booker'),
(250, 'egestas.Sed@velitPellentesqueultricies.co.uk', 'Kim', 'Soto'),
(251, 'pede@pretium.ca', 'Julian', 'Dillard'),
(252, 'Suspendisse.aliquet@nasceturridiculusmus.ca', 'Ronan', 'Terrell'),
(253, 'urna.Vivamus@tristiquesenectus.net', 'Jillian', 'Dudley'),
(254, 'tempus@dignissim.com', 'Phillip', 'England'),
(255, 'quis.arcu.vel@Curabituregestas.ca', 'Otto', 'Townsend'),
(256, 'bibendum.fermentum.metus@elitAliquam.org', 'Diana', 'Melton'),
(257, 'luctus.Curabitur.egestas@sitametconsectetuer.org', 'Wendy', 'Mcdonald'),
(258, 'mollis.Duis@Nullam.net', 'Natalie', 'Wood'),
(259, 'ut.nulla.Cras@arcu.net', 'Julian', 'Maddox'),
(260, 'Praesent@ipsum.net', 'Perry', 'Bush'),
(261, 'elementum.at.egestas@Integertincidunt.net', 'Magee', 'Boone'),
(262, 'Quisque.ornare.tortor@velitdui.co.uk', 'Renee', 'Reese'),
(263, 'lacus.pede.sagittis@dignissimmagnaa.edu', 'Benedict', 'Ayers'),
(264, 'semper.pretium.neque@duiSuspendisse.org', 'Patricia', 'Frye'),
(265, 'enim@mauriseu.net', 'Keiko', 'Spencer'),
(266, 'enim@velitCraslorem.co.uk', 'Jin', 'Raymond'),
(267, 'lobortis.nisi@molestieorcitincidunt.net', 'Cynthia', 'Gallagher'),
(268, 'Mauris.magna.Duis@condimentumDonecat.co.uk', 'Arthur', 'Downs'),
(269, 'tortor.at.risus@Sednunc.edu', 'Nelle', 'Ayers'),
(270, 'lacus.Quisque.imperdiet@ornare.edu', 'Karly', 'Larsen'),
(271, 'pharetra.nibh@bibendum.net', 'Dean', 'Day'),
(272, 'volutpat@odio.com', 'Wynne', 'Olson'),
(273, 'odio@milorem.com', 'John', 'Slater'),
(274, 'Donec.egestas@erat.net', 'Hashim', 'Bruce'),
(275, 'cursus.vestibulum@Nunc.co.uk', 'Cameran', 'Rosales'),
(276, 'sociis@nislarcu.ca', 'Lisandra', 'Dotson'),
(277, 'ipsum.cursus.vestibulum@duinectempus.org', 'Patience', 'Flowers'),
(278, 'ornare.tortor.at@aenimSuspendisse.edu', 'Shelly', 'Moody'),
(279, 'dolor.dapibus@sapien.ca', 'Martina', 'Riley'),
(280, 'hymenaeos@Suspendissedui.co.uk', 'Conan', 'Roberts'),
(281, 'at@Vivamusmolestiedapibus.edu', 'Igor', 'Bartlett'),
(282, 'vel.lectus.Cum@velitPellentesque.org', 'Libby', 'Miranda'),
(283, 'sit@rutrum.ca', 'Jamal', 'Golden'),
(284, 'elementum@loremipsumsodales.co.uk', 'Idola', 'Velasquez'),
(285, 'Integer.mollis@consectetuereuismodest.com', 'Ifeoma', 'Hebert'),
(286, 'enim.condimentum.eget@nuncest.edu', 'Keelie', 'Velez'),
(287, 'Etiam.laoreet@Donecsollicitudin.com', 'Scarlet', 'Charles'),
(288, 'dignissim.pharetra.Nam@ultricesiaculis.ca', 'Robin', 'Horton'),
(289, 'et@auctorMauris.ca', 'Sandra', 'Whitney'),
(290, 'Integer.vulputate.risus@eratSednunc.org', 'Jenette', 'Bartlett'),
(291, 'sagittis@blanditmattis.org', 'Carol', 'Brennan'),
(292, 'adipiscing.ligula@Integeraliquamadipiscing.co.uk', 'Althea', 'Kramer'),
(293, 'in.sodales.elit@interdumSed.ca', 'Len', 'Keller'),
(294, 'purus@sempercursus.edu', 'Rana', 'Chan'),
(295, 'dui.Cum.sociis@lectussit.edu', 'Joseph', 'Wheeler'),
(296, 'mauris.sagittis.placerat@tortorIntegeraliquam.org', 'Moana', 'Farley'),
(297, 'orci.quis.lectus@CrasinterdumNunc.com', 'Rhea', 'Shepherd'),
(298, 'blandit@sollicitudinadipiscingligula.com', 'Breanna', 'Mueller'),
(299, 'lacus.Mauris@maurissagittis.net', 'Jennifer', 'Estrada'),
(300, 'Nullam.feugiat.placerat@sagittissemper.net', 'Diana', 'Moreno'),
(301, 'lol@lol.com', NULL, NULL),
(302, 'nocturno1@lol.com', NULL, NULL),
(303, 'nocturno2@lol.com', NULL, NULL),
(304, 'unoqueno@existe.mas', NULL, NULL),
(305, 'hola@soyun.queso', NULL, NULL),
(306, 'como@chifla.com', NULL, NULL),
(307, 'soyuno@nuevo.com', NULL, NULL),
(311, '																																,															', NULL, NULL),
(313, 'menosmal@yaera.hora', NULL, NULL),
(314, 'olga@hola.com', NULL, NULL),
(315, 'a1@a.com', NULL, NULL),
(316, 'a2@a.com', NULL, NULL),
(317, 'a3@a.com', NULL, NULL),
(318, 'holi@holi.com', NULL, NULL),
(319, 'mecagoen@caca.com', NULL, NULL),
(320, 'yano@se.com', NULL, NULL),
(321, 'quecon@tarte.com', NULL, NULL),
(322, 'estonova@bien.com', NULL, NULL),
(323, 'quese@leva.hacer', NULL, NULL),
(324, 'yanoppuedo@mas.es', NULL, NULL),
(325, 'holiholi@ufv.es', NULL, NULL),
(326, 'holi@quebien.com', NULL, NULL),
(327, 'otro@mas.com', NULL, NULL),
(328, 'lalala@jejeje.com', NULL, NULL),
(329, 'si@total.com', NULL, NULL),
(330, 'yotra@mas.es', NULL, NULL),
(331, 'azur@gmail.com', NULL, NULL),
(332, 'jarillo@gmail.com', NULL, NULL);

-- --------------------------------------------------------

--
-- Estructura de tabla para la tabla `lista`
--

CREATE TABLE IF NOT EXISTS `lista` (
`id_lista` int(50) NOT NULL,
  `nombre_lista` varchar(100) COLLATE utf8_unicode_ci DEFAULT NULL,
  `id_usuario` int(5) DEFAULT NULL
) ENGINE=InnoDB  DEFAULT CHARSET=utf8 COLLATE=utf8_unicode_ci AUTO_INCREMENT=108 ;

--
-- Volcado de datos para la tabla `lista`
--

INSERT INTO `lista` (`id_lista`, `nombre_lista`, `id_usuario`) VALUES
(1, 'Dolor Vitae Dolor Consulting', 1),
(2, 'Ligula PC', 1),
(3, 'Egestas Associates', 1),
(4, 'Arcu LLC', 1),
(5, 'Ac Feugiat Incorporated', 1),
(6, 'Eu Enim Etiam Company', 1),
(7, 'Varius Corporation', 1),
(8, 'Arcu Institute', 1),
(9, 'Lobortis Limited', 1),
(10, 'Nec Leo Morbi Institute', 1),
(11, 'Enim Corp.', 2),
(12, 'Urna Et Consulting', 2),
(13, 'Sodales LLP', 2),
(14, 'Et Ltd', 2),
(15, 'Morbi Sit Amet Limited', 2),
(16, 'Sociis Natoque LLP', 2),
(17, 'Mi Aliquam Corporation', 2),
(18, 'Erat Eget Ipsum Corp.', 2),
(19, 'A Institute', 2),
(20, 'Sit Amet Foundation', 2),
(21, 'Donec At LLP', 3),
(22, 'Proin Foundation', 3),
(23, 'Arcu Vestibulum Ltd', 3),
(24, 'Duis Corporation', 3),
(25, 'Lorem Inc.', 3),
(26, 'Malesuada Industries', 3),
(27, 'Imperdiet Erat Consulting', 3),
(28, 'In Condimentum Donec Limited', 3),
(29, 'Conubia Nostra Per Industries', 3),
(30, 'Imperdiet Ullamcorper Duis LLP', 3),
(31, 'Purus In Molestie Foundation', 4),
(32, 'Nascetur Ridiculus PC', 4),
(33, 'Lorem Tristique Aliquet Corporation', 4),
(34, 'Interdum Associates', 4),
(35, 'Etiam Vestibulum Massa Consulting', 4),
(36, 'Commodo At Libero Inc.', 4),
(37, 'Feugiat Industries', 4),
(38, 'Libero Consulting', 4),
(39, 'Cursus Et LLP', 4),
(40, 'Tellus Non Corp.', 4),
(41, 'Non Luctus LLP', 5),
(42, 'Massa Suspendisse Limited', 5),
(43, 'Ut Institute', 5),
(44, 'Varius LLP', 5),
(45, 'Lectus LLC', 5),
(46, 'Aliquam Vulputate Industries', 5),
(47, 'Sed Pede Consulting', 5),
(48, 'Aenean Massa Integer Associates', 5),
(49, 'Donec Tempus Lorem Corp.', 5),
(50, 'Morbi Limited', 5),
(51, 'Tellus Eu Industries', 6),
(52, 'Nam Ligula Institute', 6),
(53, 'Consectetuer LLP', 6),
(54, 'Vehicula Aliquet LLP', 6),
(55, 'Nisi Corp.', 6),
(56, 'Posuere At Velit LLP', 6),
(57, 'Rutrum Urna LLP', 6),
(58, 'Dignissim Associates', 6),
(59, 'Et Ltd', 6),
(60, 'Leo PC', 6),
(61, 'Ornare Fusce Mollis Industries', 7),
(62, 'Magna Et Ipsum Foundation', 7),
(63, 'Aliquet Sem Institute', 7),
(64, 'Euismod Corporation', 7),
(65, 'Vitae Purus Ltd', 7),
(66, 'Purus Nullam Associates', 7),
(67, 'Neque Sed Dictum LLP', 7),
(68, 'Orci Donec Ltd', 7),
(69, 'Est Consulting', 7),
(70, 'Eu LLC', 7),
(71, 'Non Massa LLC', 8),
(72, 'Quis Lectus Nullam Foundation', 8),
(73, 'Massa Non Industries', 8),
(74, 'Aliquam PC', 8),
(75, 'Nunc Quisque Industries', 8),
(76, 'Parturient Montes LLP', 8),
(77, 'Purus Institute', 8),
(78, 'Cum Sociis Natoque LLP', 8),
(79, 'Cum Sociis Ltd', 8),
(80, 'Vitae Odio Corporation', 8),
(81, 'Sagittis Placerat Cras Company', 9),
(82, 'Eget Ipsum Donec Associates', 9),
(83, 'Donec Industries', 9),
(84, 'Nibh Quisque Nonummy LLC', 9),
(85, 'Eleifend Vitae Erat Associates', 9),
(86, 'Lacus Quisque Industries', 9),
(87, 'Diam Corp.', 9),
(88, 'Egestas Blandit Nam Foundation', 9),
(89, 'Sem Elit Institute', 9),
(90, 'Inceptos Hymenaeos Industries', 9),
(91, 'Integer Eu Lacus Corp.', 10),
(92, 'Etiam Bibendum Fermentum Corporation', 10),
(93, 'Lobortis Company', 10),
(94, 'Nam Ligula Elit Associates', 10),
(95, 'Malesuada Fringilla Ltd', 10),
(96, 'Gravida Company', 10),
(97, 'Donec Est Foundation', 10),
(98, 'Nunc Ut Limited', 10),
(99, 'Neque Et Nunc Consulting', 10),
(100, 'Aliquet Diam Inc.', 10),
(102, 'jajajaja', 1),
(105, 'MiLista', 1),
(106, 'milista1', 12),
(107, 'otraporejemplo', 12);

-- --------------------------------------------------------

--
-- Estructura de tabla para la tabla `target`
--

CREATE TABLE IF NOT EXISTS `target` (
`id_target` int(50) NOT NULL,
  `nombre_target` varchar(500) COLLATE utf8_unicode_ci NOT NULL,
  `link_target` varchar(500) COLLATE utf8_unicode_ci DEFAULT NULL,
  `fecha_ini` date DEFAULT NULL,
  `fecha_fin` date DEFAULT NULL,
  `id_usuario` int(5) DEFAULT NULL
) ENGINE=InnoDB  DEFAULT CHARSET=utf8 COLLATE=utf8_unicode_ci AUTO_INCREMENT=147 ;

--
-- Volcado de datos para la tabla `target`
--

INSERT INTO `target` (`id_target`, `nombre_target`, `link_target`, `fecha_ini`, `fecha_fin`, `id_usuario`) VALUES
(1, 'Arcu Corporation', 'Ligula Eu Enim PC', '2015-05-31', '2016-03-15', 1),
(2, 'Feugiat Metus Sit Institute', 'Libero Nec Ligula Limited', '2014-11-23', '2015-10-18', 1),
(3, 'Mauris Suspendisse Institute', 'Erat Sed Ltd', '2015-11-20', '2015-09-02', 1),
(4, 'Tellus Institute', 'Consectetuer Rhoncus Nullam LLP', '2016-05-23', '2016-01-12', 2),
(5, 'Etiam Institute', 'Ut Nisi A Incorporated', '2015-08-12', '2014-10-22', 2),
(6, 'Augue Consulting', 'Natoque Penatibus Associates', '2014-11-28', '2014-11-26', 2),
(7, 'Semper Associates', 'Vivamus Non Consulting', '2015-08-23', '2015-03-28', 3),
(8, 'Nulla Integer Inc.', 'Lacinia Orci Incorporated', '2015-08-26', '2015-02-18', 3),
(9, 'Proin Dolor Nulla Corp.', 'Proin Industries', '2016-05-21', '2016-01-12', 3),
(10, 'Etiam Ligula Consulting', 'Quis Accumsan Ltd', '2015-11-27', '2015-08-07', 4),
(11, 'Nisi Sem Semper Institute', 'Pede Incorporated', '2015-07-10', '2015-11-25', 4),
(12, 'Vulputate Dui Institute', 'Vulputate Mauris Sagittis Company', '2015-10-26', '2015-12-13', 4),
(13, 'Risus Ltd', 'Sem Foundation', '2015-04-23', '2014-11-07', 5),
(14, 'Viverra Donec Corp.', 'Mollis Dui In Industries', '2015-06-12', '2015-05-26', 5),
(15, 'Aliquet Magna Institute', 'Facilisis Magna Tellus Industries', '2015-12-27', '2015-11-04', 5),
(16, 'Sodales LLC', 'Cras Eget Nisi Limited', '2015-05-23', '2014-10-21', 6),
(17, 'Semper Erat In PC', 'Amet Consectetuer Adipiscing Foundation', '2015-11-02', '2015-01-28', 6),
(18, 'Donec Egestas Aliquam Company', 'Odio Industries', '2015-07-12', '2015-02-21', 6),
(19, 'Lorem Fringilla Ornare Limited', 'Nec Mollis Vitae Institute', '2016-01-02', '2014-09-07', 7),
(20, 'Eu Odio Company', 'Aliquam Ltd', '2016-05-19', '2014-08-28', 7),
(21, 'Scelerisque Mollis Institute', 'Convallis Ligula Donec Incorporated', '2016-02-15', '2015-02-10', 7),
(22, 'Adipiscing Foundation', 'Sit Incorporated', '2016-02-23', '2014-12-03', 8),
(23, 'Ipsum Primis In PC', 'Sem Ut Dolor Corp.', '2014-12-05', '2014-09-10', 8),
(24, 'Etiam Imperdiet LLC', 'Proin Industries', '2015-04-04', '2014-08-10', 8),
(25, 'Varius Et Euismod PC', 'Ipsum Suspendisse Limited', '2015-03-13', '2014-06-27', 9),
(26, 'Felis Ltd', 'Tellus LLC', '2015-06-20', '2015-04-07', 9),
(27, 'Consequat Auctor Foundation', 'Suspendisse Aliquet LLP', '2015-12-16', '2014-11-29', 9),
(28, 'In LLP', 'Diam Vel Company', '2015-10-07', '2016-03-14', 10),
(29, 'Rhoncus Proin Consulting', 'Sociis Natoque Limited', '2015-10-07', '2016-02-20', 10),
(30, 'Sit Consulting', 'Cras Sed Limited', '2014-12-26', '2015-10-09', 10),
(31, 'Euismod Est Arcu PC', 'Id Mollis LLC', '2015-09-19', '2015-09-27', 1),
(32, 'Magna Phasellus Associates', 'Proin Nisl Sem Corporation', '2015-01-06', '2014-08-03', 1),
(33, 'Nulla Integer Vulputate Institute', 'Eleifend Egestas Limited', '2016-01-21', '2015-02-28', 1),
(34, 'Eu Dolor Egestas Inc.', 'Elit Institute', '2015-02-02', '2015-04-28', 2),
(35, 'Elit Aliquam Industries', 'Rhoncus Company', '2015-10-21', '2015-06-15', 2),
(36, 'Id Foundation', 'Pharetra Nibh Aliquam Industries', '2015-11-27', '2015-12-07', 2),
(37, 'Mollis Phasellus PC', 'Semper Egestas Corporation', '2015-05-27', '2015-05-08', 3),
(38, 'Feugiat Tellus Ltd', 'Eu Sem Pellentesque Corp.', '2015-05-27', '2015-02-06', 3),
(39, 'Nec Tempus Incorporated', 'Eu Lacus Company', '2015-06-12', '2015-04-23', 3),
(40, 'Libero Corporation', 'Vulputate Industries', '2015-03-19', '2014-12-29', 4),
(41, 'Est Mollis Non Consulting', 'Arcu Vestibulum Ante PC', '2016-02-24', '2015-06-20', 4),
(42, 'Aliquam Incorporated', 'Enim Consulting', '2016-03-28', '2016-01-24', 4),
(43, 'Morbi Neque PC', 'Nullam Corporation', '2015-08-27', '2016-01-30', 5),
(44, 'Nunc Corp.', 'Vehicula Et Inc.', '2016-04-15', '2015-02-20', 5),
(45, 'Ipsum Porta Elit Consulting', 'Ac Mi Ltd', '2016-05-24', '2015-10-31', 5),
(46, 'Nascetur Ridiculus Mus Corporation', 'Purus Industries', '2015-06-06', '2015-02-10', 6),
(47, 'Morbi Incorporated', 'Egestas Institute', '2014-12-24', '2014-11-15', 6),
(48, 'Tempor Augue Corp.', 'Eget Company', '2016-05-12', '2015-03-27', 6),
(49, 'Sit Amet Institute', 'Ut Corporation', '2016-06-08', '2014-07-08', 7),
(50, 'Dictum Consulting', 'Eget PC', '2015-10-15', '2015-12-15', 7),
(51, 'Pretium Aliquet Metus Consulting', 'Sed Neque Sed Ltd', '2015-09-07', '2015-05-23', 7),
(52, 'Lacus Quisque Purus Corporation', 'Eget Institute', '2016-04-06', '2014-11-14', 8),
(53, 'Et LLC', 'Ac Tellus Institute', '2016-04-18', '2014-08-18', 8),
(54, 'Vitae Ltd', 'Nulla Company', '2015-04-09', '2015-02-07', 8),
(55, 'Quisque Libero Lacus Foundation', 'Vel Arcu Foundation', '2015-12-03', '2015-12-02', 9),
(56, 'Nulla Facilisis Suspendisse Foundation', 'Vel Inc.', '2016-02-01', '2015-07-30', 9),
(57, 'Scelerisque Lorem Ipsum PC', 'Montes Nascetur Institute', '2015-05-11', '2014-06-19', 9),
(58, 'Sagittis Nullam Consulting', 'Sem Magna Nec Industries', '2015-12-24', '2014-10-17', 10),
(59, 'Mauris Eu Consulting', 'Pede Nunc Industries', '2015-08-18', '2015-05-11', 10),
(60, 'Pede Ltd', 'Eros Nam Consequat Institute', '2015-10-05', '2014-12-30', 10),
(61, 'Orci Tincidunt Adipiscing Consulting', 'Maecenas Iaculis Limited', '2015-10-15', '2015-10-25', 1),
(62, 'Vel Limited', 'Quisque Corp.', '2016-05-28', '2014-10-01', 1),
(63, 'Sed Facilisis Industries', 'Vivamus Associates', '2015-01-01', '2015-08-25', 1),
(64, 'Ridiculus Mus Proin PC', 'Velit PC', '2016-04-11', '2015-08-31', 2),
(65, 'Fames Ac Turpis PC', 'Vitae Mauris Sit Corporation', '2016-03-03', '2015-10-01', 2),
(66, 'Ridiculus Mus Donec Associates', 'Auctor Vitae Ltd', '2015-05-19', '2015-04-01', 2),
(67, 'Neque Sed Consulting', 'Consequat Nec Mollis Ltd', '2015-03-21', '2016-03-09', 3),
(68, 'Eu LLC', 'Luctus Et Limited', '2015-08-10', '2014-07-13', 3),
(69, 'Neque LLP', 'Aliquet Odio PC', '2015-09-25', '2015-09-10', 3),
(70, 'Semper Industries', 'Egestas Nunc Associates', '2016-06-11', '2015-11-11', 4),
(71, 'Aliquam Gravida Consulting', 'Lacinia Institute', '2016-05-01', '2016-02-07', 4),
(72, 'Auctor Mauris Vel PC', 'Ac Facilisis Facilisis LLP', '2015-12-20', '2015-08-05', 4),
(73, 'Mauris Id Sapien Foundation', 'Eu Ligula Industries', '2015-04-10', '2014-08-02', 5),
(74, 'Aptent Taciti Sociosqu LLP', 'Interdum Corp.', '2015-02-13', '2016-03-04', 5),
(75, 'Tincidunt Limited', 'Nisi LLC', '2015-09-28', '2016-01-06', 5),
(76, 'Pellentesque Eget Dictum Corporation', 'Vitae Ltd', '2015-02-13', '2015-06-08', 6),
(77, 'Rutrum LLC', 'Dolor Egestas Rhoncus Foundation', '2016-04-13', '2016-03-02', 6),
(78, 'Diam Duis Mi Incorporated', 'Lectus Sit Amet Ltd', '2015-07-22', '2015-06-25', 6),
(79, 'Phasellus Fermentum Corporation', 'Aliquet Corp.', '2015-10-04', '2015-09-01', 7),
(80, 'Aenean Euismod Mauris LLP', 'Facilisi PC', '2015-07-26', '2014-12-24', 7),
(81, 'Ut Pharetra Sed Consulting', 'Cras Dolor Consulting', '2015-04-19', '2016-01-02', 7),
(82, 'Donec Corp.', 'Tincidunt Pede Corp.', '2015-08-21', '2015-07-23', 8),
(83, 'Dictum Sapien Aenean Inc.', 'Facilisis Vitae Orci Ltd', '2016-03-25', '2016-01-03', 8),
(84, 'Est Nunc Ullamcorper Incorporated', 'Nec LLC', '2014-12-05', '2015-06-27', 8),
(85, 'Sem Molestie Institute', 'Vulputate Dui Limited', '2015-06-18', '2015-12-23', 9),
(86, 'Lorem Associates', 'Cum Foundation', '2015-05-02', '2015-03-02', 9),
(87, 'Sociis Natoque Institute', 'Mauris Eu Elit Incorporated', '2016-03-10', '2015-06-10', 9),
(88, 'Est Mauris Rhoncus Corp.', 'Cras Vulputate Corporation', '2015-12-06', '2015-02-28', 10),
(89, 'At Corp.', 'Nec Foundation', '2015-01-10', '2015-04-04', 10),
(90, 'Eu Neque Pellentesque Foundation', 'Donec Ltd', '2016-01-05', '2015-04-17', 10),
(91, 'Adipiscing Limited', 'Amet Risus Donec Corp.', '2015-06-12', '2015-12-11', 1),
(92, 'Ante Bibendum Foundation', 'Orci Ut Institute', '2016-03-02', '2015-11-16', 1),
(93, 'Et Tristique Associates', 'Suspendisse Sed Limited', '2015-09-21', '2014-10-30', 1),
(94, 'Adipiscing Company', 'Fusce Industries', '2016-03-07', '2016-03-12', 2),
(95, 'Eu Inc.', 'Tempor Arcu Vestibulum Corp.', '2015-09-15', '2015-04-05', 2),
(96, 'Ad Litora Torquent PC', 'Eget Volutpat Ornare Corporation', '2015-07-31', '2015-08-03', 2),
(97, 'Integer Inc.', 'Sed Industries', '2014-11-20', '2014-11-18', 3),
(98, 'Non Bibendum Consulting', 'Cursus Diam At Associates', '2015-11-20', '2015-12-12', 3),
(99, 'Tellus LLC', 'Accumsan Convallis Ante Institute', '2015-12-28', '2015-04-22', 3),
(100, 'Sed Dolor Fusce LLP', 'Nunc PC', '2015-06-21', '2016-03-08', 4),
(101, 'A ver', 'si chuta', NULL, NULL, 5),
(102, 'seguimos', 'probando', NULL, NULL, 5),
(103, 'que', 'queda', NULL, NULL, 5),
(132, 'prueba2', 'prueba2', NULL, NULL, 1),
(133, 'prueba3', 'prueba3', NULL, NULL, 1),
(134, 'olga', 'olga', NULL, NULL, NULL),
(135, 'nuevoUNO', 'misistema', NULL, NULL, 1),
(136, 'nuevoDOS', 'misistemafunciona', NULL, NULL, 1),
(137, 'ProbandoTokens', 'MeCachis', NULL, NULL, 1),
(138, 'ProbandoTokens', 'MeCachis', NULL, NULL, 1),
(139, 'ProbandoTokens', 'MeCachis', NULL, NULL, 1),
(140, 'ProbandoTokens', 'MeCachis', NULL, NULL, 1),
(141, 'ProbandoTokens', 'MeCachis', NULL, NULL, 1),
(142, 'ProbandoTokens', 'MeCachis', NULL, NULL, 1),
(143, 'ProbandoTokens', 'MeCachis', NULL, NULL, 1),
(144, 'hei', 'quepachatio', NULL, NULL, 12),
(145, 'photoshop', 'Adobe', NULL, NULL, 1),
(146, 'asdas', 'asdas', NULL, NULL, 1);

-- --------------------------------------------------------

--
-- Estructura de tabla para la tabla `usuario`
--

CREATE TABLE IF NOT EXISTS `usuario` (
`id_usuario` int(5) NOT NULL,
  `email_usuario` varchar(70) COLLATE utf8_unicode_ci NOT NULL,
  `clave` varchar(15) COLLATE utf8_unicode_ci NOT NULL,
  `nombre_usuario` varchar(50) COLLATE utf8_unicode_ci DEFAULT NULL,
  `apellidos_usuario` varchar(150) COLLATE utf8_unicode_ci DEFAULT NULL
) ENGINE=InnoDB  DEFAULT CHARSET=utf8 COLLATE=utf8_unicode_ci AUTO_INCREMENT=20 ;

--
-- Volcado de datos para la tabla `usuario`
--

INSERT INTO `usuario` (`id_usuario`, `email_usuario`, `clave`, `nombre_usuario`, `apellidos_usuario`) VALUES
(1, 'elit.Curabitur@aliquameuaccumsan.ca', 'EXT13VZR5HM', 'Troy', 'Rowe'),
(2, 'in@auctornonfeugiat.ca', 'MNO87PXP7FI', 'Grace', 'Norris'),
(3, 'iaculis.aliquet@anteVivamus.ca', 'FNX70WCG9HN', 'Cleo', 'Foley'),
(4, 'eu.neque.pellentesque@nonvestibulumnec.co.uk', 'NNW18SOH2YS', 'Wang', 'Young'),
(5, 'non.arcu.Vivamus@liberoettristique.co.uk', 'TSM15ETI9LU', 'Penelope', 'Potts'),
(6, 'lectus@massaVestibulum.edu', 'YFA60NBV3LF', 'Alan', 'Joseph'),
(7, 'dignissim.Maecenas@nonummy.com', 'AMN41GIX7HD', 'Abel', 'Mack'),
(8, 'Quisque@idrisus.ca', 'YSQ98BJH6OR', 'Blythe', 'Vinson'),
(9, 'libero@ligula.edu', 'GUP53RID3YX', 'Sheila', 'Pratt'),
(10, 'feugiat.tellus.lorem@aliquetmetusurna.edu', 'QDX16LMZ3DG', 'Kennedy', 'Porter'),
(12, 'revuel@ufv.es', 'haiku', 'Miguel', 'Revuelta Espinosa'),
(17, 'becario.desarrollo.ade@ufv.es', 'micontra', 'Mig', 'Rev'),
(18, 'pepe@prueba.com', 'asd', 'Pepe', 'Fernandez'),
(19, 'unanueva@ahora.com', '1', 'Felisa', 'Alegre');

-- --------------------------------------------------------

--
-- Estructura de tabla para la tabla `valoracion`
--

CREATE TABLE IF NOT EXISTS `valoracion` (
  `id_destinatario` int(100) NOT NULL,
  `id_target` int(50) NOT NULL,
  `token` varchar(15) COLLATE utf8_unicode_ci DEFAULT NULL,
  `respuesta_1` int(1) DEFAULT NULL,
  `respuesta_2` int(1) DEFAULT NULL,
  `respuesta_3` int(1) DEFAULT NULL,
  `respuesta_4` int(1) DEFAULT NULL,
  `respuesta_5` int(1) DEFAULT NULL,
  `respuesta_6` int(1) DEFAULT NULL,
  `respuesta_7` int(1) DEFAULT NULL,
  `respuesta_8` int(1) DEFAULT NULL,
  `respuesta_9` int(1) DEFAULT NULL,
  `respuesta_10` int(1) DEFAULT NULL,
  `respuesta_11` int(1) DEFAULT NULL,
  `respuesta_12` int(1) DEFAULT NULL,
  `respuesta_13` int(1) DEFAULT NULL,
  `respuesta_14` int(1) DEFAULT NULL,
  `respuesta_15` int(1) DEFAULT NULL
) ENGINE=InnoDB DEFAULT CHARSET=utf8 COLLATE=utf8_unicode_ci;

--
-- Volcado de datos para la tabla `valoracion`
--

INSERT INTO `valoracion` (`id_destinatario`, `id_target`, `token`, `respuesta_1`, `respuesta_2`, `respuesta_3`, `respuesta_4`, `respuesta_5`, `respuesta_6`, `respuesta_7`, `respuesta_8`, `respuesta_9`, `respuesta_10`, `respuesta_11`, `respuesta_12`, `respuesta_13`, `respuesta_14`, `respuesta_15`) VALUES
(1, 1, 'caca', 1, 3, 1, 1, 1, 1, 1, 1, 1, 1, 1, 1, 1, 1, 1),
(1, 2, NULL, 2, 2, 2, 2, 2, 2, 3, 1, 3, 2, 2, 2, 1, 3, 1),
(1, 3, NULL, NULL, NULL, NULL, NULL, NULL, NULL, NULL, NULL, NULL, NULL, NULL, NULL, NULL, NULL, NULL),
(1, 4, NULL, NULL, NULL, NULL, NULL, NULL, NULL, NULL, NULL, NULL, NULL, NULL, NULL, NULL, NULL, NULL),
(1, 5, 'arg', NULL, NULL, NULL, NULL, NULL, NULL, NULL, NULL, NULL, NULL, NULL, NULL, NULL, NULL, NULL),
(1, 6, NULL, NULL, NULL, NULL, NULL, NULL, NULL, NULL, NULL, NULL, NULL, NULL, NULL, NULL, NULL, NULL),
(1, 7, NULL, NULL, NULL, NULL, NULL, NULL, NULL, NULL, NULL, NULL, NULL, NULL, NULL, NULL, NULL, NULL),
(1, 8, NULL, NULL, NULL, NULL, NULL, NULL, NULL, NULL, NULL, NULL, NULL, NULL, NULL, NULL, NULL, NULL),
(1, 9, NULL, NULL, NULL, NULL, NULL, NULL, NULL, NULL, NULL, NULL, NULL, NULL, NULL, NULL, NULL, NULL),
(1, 10, NULL, NULL, NULL, NULL, NULL, NULL, NULL, NULL, NULL, NULL, NULL, NULL, NULL, NULL, NULL, NULL),
(1, 132, NULL, NULL, NULL, NULL, NULL, NULL, NULL, NULL, NULL, NULL, NULL, NULL, NULL, NULL, NULL, NULL),
(1, 133, NULL, NULL, NULL, NULL, NULL, NULL, NULL, NULL, NULL, NULL, NULL, NULL, NULL, NULL, NULL, NULL),
(1, 136, NULL, NULL, NULL, NULL, NULL, NULL, NULL, NULL, NULL, NULL, NULL, NULL, NULL, NULL, NULL, NULL),
(2, 1, NULL, 1, 3, 1, 1, 1, 1, 1, 1, 1, 1, 1, 1, 1, 1, 1),
(2, 2, NULL, 3, 3, 1, 2, 3, 1, 3, 2, 3, 1, 1, 3, 1, 3, 1),
(2, 3, 'blah', 2, 1, 3, 2, NULL, 2, 3, 2, 1, 3, 2, 2, 1, 3, 2),
(2, 4, 'arg', 2, 1, 2, 1, 3, 1, 2, 1, 2, 1, 2, 3, 2, 1, 2),
(2, 5, NULL, NULL, NULL, NULL, NULL, NULL, NULL, NULL, NULL, NULL, NULL, NULL, NULL, NULL, NULL, NULL),
(2, 6, NULL, NULL, NULL, NULL, NULL, NULL, NULL, NULL, NULL, NULL, NULL, NULL, NULL, NULL, NULL, NULL),
(2, 7, NULL, NULL, NULL, NULL, NULL, NULL, NULL, NULL, NULL, NULL, NULL, NULL, NULL, NULL, NULL, NULL),
(2, 8, NULL, NULL, NULL, NULL, NULL, NULL, NULL, NULL, NULL, NULL, NULL, NULL, NULL, NULL, NULL, NULL),
(2, 9, NULL, NULL, NULL, NULL, NULL, NULL, NULL, NULL, NULL, NULL, NULL, NULL, NULL, NULL, NULL, NULL),
(2, 10, NULL, NULL, NULL, NULL, NULL, NULL, NULL, NULL, NULL, NULL, NULL, NULL, NULL, NULL, NULL, NULL),
(2, 132, NULL, NULL, NULL, NULL, NULL, NULL, NULL, NULL, NULL, NULL, NULL, NULL, NULL, NULL, NULL, NULL),
(2, 133, NULL, NULL, NULL, NULL, NULL, NULL, NULL, NULL, NULL, NULL, NULL, NULL, NULL, NULL, NULL, NULL),
(3, 1, NULL, 1, 1, 1, 1, 1, 1, 1, 1, 1, 1, 1, 1, 1, 1, 1),
(3, 2, NULL, 3, 3, 1, 2, 3, 1, 3, 2, 3, 1, 1, 3, 1, 3, 1),
(3, 3, NULL, NULL, NULL, NULL, NULL, NULL, NULL, NULL, NULL, NULL, NULL, NULL, NULL, NULL, NULL, NULL),
(3, 4, NULL, NULL, NULL, NULL, NULL, NULL, NULL, NULL, NULL, NULL, NULL, NULL, NULL, NULL, NULL, NULL),
(3, 5, NULL, NULL, NULL, NULL, NULL, NULL, NULL, NULL, NULL, NULL, NULL, NULL, NULL, NULL, NULL, NULL),
(3, 6, NULL, NULL, NULL, NULL, NULL, NULL, NULL, NULL, NULL, NULL, NULL, NULL, NULL, NULL, NULL, NULL),
(3, 7, NULL, NULL, NULL, NULL, NULL, NULL, NULL, NULL, NULL, NULL, NULL, NULL, NULL, NULL, NULL, NULL),
(3, 8, NULL, NULL, NULL, NULL, NULL, NULL, NULL, NULL, NULL, NULL, NULL, NULL, NULL, NULL, NULL, NULL),
(3, 9, NULL, NULL, NULL, NULL, NULL, NULL, NULL, NULL, NULL, NULL, NULL, NULL, NULL, NULL, NULL, NULL),
(3, 10, NULL, NULL, NULL, NULL, NULL, NULL, NULL, NULL, NULL, NULL, NULL, NULL, NULL, NULL, NULL, NULL),
(4, 1, NULL, 1, 2, 1, 1, 1, 1, 1, 1, 1, 1, 1, 1, 1, 1, 1),
(4, 2, NULL, 1, 2, 3, 2, 1, 1, 2, 2, 3, 1, 1, 2, 3, 2, 1),
(4, 3, NULL, NULL, NULL, NULL, NULL, NULL, NULL, NULL, NULL, NULL, NULL, NULL, NULL, NULL, NULL, NULL),
(4, 4, NULL, NULL, NULL, NULL, NULL, NULL, NULL, NULL, NULL, NULL, NULL, NULL, NULL, NULL, NULL, NULL),
(4, 5, NULL, NULL, NULL, NULL, NULL, NULL, NULL, NULL, NULL, NULL, NULL, NULL, NULL, NULL, NULL, NULL),
(4, 6, NULL, NULL, NULL, NULL, NULL, NULL, NULL, NULL, NULL, NULL, NULL, NULL, NULL, NULL, NULL, NULL),
(4, 7, NULL, NULL, NULL, NULL, NULL, NULL, NULL, NULL, NULL, NULL, NULL, NULL, NULL, NULL, NULL, NULL),
(4, 8, NULL, NULL, NULL, NULL, NULL, NULL, NULL, NULL, NULL, NULL, NULL, NULL, NULL, NULL, NULL, NULL),
(4, 9, NULL, NULL, NULL, NULL, NULL, NULL, NULL, NULL, NULL, NULL, NULL, NULL, NULL, NULL, NULL, NULL),
(4, 10, NULL, NULL, NULL, NULL, NULL, NULL, NULL, NULL, NULL, NULL, NULL, NULL, NULL, NULL, NULL, NULL),
(5, 1, NULL, 1, 2, 1, 1, 1, 1, 1, 1, 1, 1, 1, 1, 1, 1, 1),
(5, 2, NULL, 3, 2, 2, 2, 1, 3, 3, 1, 3, 2, 1, 2, 1, 3, 2),
(5, 3, NULL, NULL, NULL, NULL, NULL, NULL, NULL, NULL, NULL, NULL, NULL, NULL, NULL, NULL, NULL, NULL),
(5, 4, NULL, NULL, NULL, NULL, NULL, NULL, NULL, NULL, NULL, NULL, NULL, NULL, NULL, NULL, NULL, NULL),
(5, 5, NULL, NULL, NULL, NULL, NULL, NULL, NULL, NULL, NULL, NULL, NULL, NULL, NULL, NULL, NULL, NULL),
(5, 6, NULL, NULL, NULL, NULL, NULL, NULL, NULL, NULL, NULL, NULL, NULL, NULL, NULL, NULL, NULL, NULL),
(5, 7, NULL, NULL, NULL, NULL, NULL, NULL, NULL, NULL, NULL, NULL, NULL, NULL, NULL, NULL, NULL, NULL),
(5, 8, NULL, NULL, NULL, NULL, NULL, NULL, NULL, NULL, NULL, NULL, NULL, NULL, NULL, NULL, NULL, NULL),
(5, 9, NULL, NULL, NULL, NULL, NULL, NULL, NULL, NULL, NULL, NULL, NULL, NULL, NULL, NULL, NULL, NULL),
(5, 10, NULL, NULL, NULL, NULL, NULL, NULL, NULL, NULL, NULL, NULL, NULL, NULL, NULL, NULL, NULL, NULL),
(5, 145, 'GUQQMAd', NULL, NULL, NULL, NULL, NULL, NULL, NULL, NULL, NULL, NULL, NULL, NULL, NULL, NULL, NULL),
(6, 1, NULL, 1, 1, 1, 1, 1, 1, 1, 1, 1, 1, 1, 1, 1, 1, 1),
(6, 2, 'sdasd', 3, 1, 2, 3, 1, 2, 3, 1, 3, 2, 1, 3, 3, 3, 2),
(6, 3, NULL, NULL, NULL, NULL, NULL, NULL, NULL, NULL, NULL, NULL, NULL, NULL, NULL, NULL, NULL, NULL),
(6, 4, NULL, NULL, NULL, NULL, NULL, NULL, NULL, NULL, NULL, NULL, NULL, NULL, NULL, NULL, NULL, NULL),
(6, 5, NULL, NULL, NULL, NULL, NULL, NULL, NULL, NULL, NULL, NULL, NULL, NULL, NULL, NULL, NULL, NULL),
(6, 6, NULL, NULL, NULL, NULL, NULL, NULL, NULL, NULL, NULL, NULL, NULL, NULL, NULL, NULL, NULL, NULL),
(6, 7, NULL, NULL, NULL, NULL, NULL, NULL, NULL, NULL, NULL, NULL, NULL, NULL, NULL, NULL, NULL, NULL),
(6, 8, NULL, NULL, NULL, NULL, NULL, NULL, NULL, NULL, NULL, NULL, NULL, NULL, NULL, NULL, NULL, NULL),
(6, 9, NULL, NULL, NULL, NULL, NULL, NULL, NULL, NULL, NULL, NULL, NULL, NULL, NULL, NULL, NULL, NULL),
(6, 10, NULL, NULL, NULL, NULL, NULL, NULL, NULL, NULL, NULL, NULL, NULL, NULL, NULL, NULL, NULL, NULL),
(6, 145, 'MZLKHAd', NULL, NULL, NULL, NULL, NULL, NULL, NULL, NULL, NULL, NULL, NULL, NULL, NULL, NULL, NULL),
(7, 1, NULL, 1, 3, 1, 1, 1, 1, 1, 1, 1, 1, 1, 1, 1, 1, 1),
(7, 2, 'xczasd', 1, 3, 3, 3, 2, 1, 1, 2, 3, 1, 2, 3, 2, 1, 3),
(7, 3, NULL, NULL, NULL, NULL, NULL, NULL, NULL, NULL, NULL, NULL, NULL, NULL, NULL, NULL, NULL, NULL),
(7, 4, NULL, NULL, NULL, NULL, NULL, NULL, NULL, NULL, NULL, NULL, NULL, NULL, NULL, NULL, NULL, NULL),
(7, 5, NULL, NULL, NULL, NULL, NULL, NULL, NULL, NULL, NULL, NULL, NULL, NULL, NULL, NULL, NULL, NULL),
(7, 6, NULL, NULL, NULL, NULL, NULL, NULL, NULL, NULL, NULL, NULL, NULL, NULL, NULL, NULL, NULL, NULL),
(7, 7, NULL, NULL, NULL, NULL, NULL, NULL, NULL, NULL, NULL, NULL, NULL, NULL, NULL, NULL, NULL, NULL),
(7, 8, NULL, NULL, NULL, NULL, NULL, NULL, NULL, NULL, NULL, NULL, NULL, NULL, NULL, NULL, NULL, NULL),
(7, 9, NULL, NULL, NULL, NULL, NULL, NULL, NULL, NULL, NULL, NULL, NULL, NULL, NULL, NULL, NULL, NULL),
(7, 10, NULL, NULL, NULL, NULL, NULL, NULL, NULL, NULL, NULL, NULL, NULL, NULL, NULL, NULL, NULL, NULL),
(7, 145, 'QABUGAd', NULL, NULL, NULL, NULL, NULL, NULL, NULL, NULL, NULL, NULL, NULL, NULL, NULL, NULL, NULL),
(8, 1, NULL, 1, 3, 1, 1, 1, 1, 1, 1, 1, 1, 1, 1, 1, 1, 1),
(8, 2, NULL, 2, 1, 3, 2, 1, 1, 1, 2, 2, 3, 1, 3, 2, 1, 3),
(8, 3, NULL, NULL, NULL, NULL, NULL, NULL, NULL, NULL, NULL, NULL, NULL, NULL, NULL, NULL, NULL, NULL),
(8, 4, NULL, NULL, NULL, NULL, NULL, NULL, NULL, NULL, NULL, NULL, NULL, NULL, NULL, NULL, NULL, NULL),
(8, 5, NULL, NULL, NULL, NULL, NULL, NULL, NULL, NULL, NULL, NULL, NULL, NULL, NULL, NULL, NULL, NULL),
(8, 6, NULL, NULL, NULL, NULL, NULL, NULL, NULL, NULL, NULL, NULL, NULL, NULL, NULL, NULL, NULL, NULL),
(8, 7, NULL, NULL, NULL, NULL, NULL, NULL, NULL, NULL, NULL, NULL, NULL, NULL, NULL, NULL, NULL, NULL),
(8, 8, NULL, NULL, NULL, NULL, NULL, NULL, NULL, NULL, NULL, NULL, NULL, NULL, NULL, NULL, NULL, NULL),
(8, 9, NULL, NULL, NULL, NULL, NULL, NULL, NULL, NULL, NULL, NULL, NULL, NULL, NULL, NULL, NULL, NULL),
(8, 10, NULL, NULL, NULL, NULL, NULL, NULL, NULL, NULL, NULL, NULL, NULL, NULL, NULL, NULL, NULL, NULL),
(8, 145, 'QVDCFAd', NULL, NULL, NULL, NULL, NULL, NULL, NULL, NULL, NULL, NULL, NULL, NULL, NULL, NULL, NULL),
(9, 1, NULL, 1, 2, 1, 1, 1, 1, 1, 1, 1, 1, 1, 1, 1, 1, 1),
(9, 2, 'sdasd', 1, 1, 2, 1, 2, 1, 1, 2, 1, 3, 1, 3, 2, 1, 2),
(9, 3, NULL, NULL, NULL, NULL, NULL, NULL, NULL, NULL, NULL, NULL, NULL, NULL, NULL, NULL, NULL, NULL),
(9, 4, NULL, NULL, NULL, NULL, NULL, NULL, NULL, NULL, NULL, NULL, NULL, NULL, NULL, NULL, NULL, NULL),
(9, 5, NULL, NULL, NULL, NULL, NULL, NULL, NULL, NULL, NULL, NULL, NULL, NULL, NULL, NULL, NULL, NULL),
(9, 6, NULL, NULL, NULL, NULL, NULL, NULL, NULL, NULL, NULL, NULL, NULL, NULL, NULL, NULL, NULL, NULL),
(9, 7, NULL, NULL, NULL, NULL, NULL, NULL, NULL, NULL, NULL, NULL, NULL, NULL, NULL, NULL, NULL, NULL),
(9, 8, NULL, NULL, NULL, NULL, NULL, NULL, NULL, NULL, NULL, NULL, NULL, NULL, NULL, NULL, NULL, NULL),
(9, 9, NULL, NULL, NULL, NULL, NULL, NULL, NULL, NULL, NULL, NULL, NULL, NULL, NULL, NULL, NULL, NULL),
(9, 10, NULL, NULL, NULL, NULL, NULL, NULL, NULL, NULL, NULL, NULL, NULL, NULL, NULL, NULL, NULL, NULL),
(9, 145, 'TXVBGAd', NULL, NULL, NULL, NULL, NULL, NULL, NULL, NULL, NULL, NULL, NULL, NULL, NULL, NULL, NULL),
(10, 1, NULL, 1, 2, 1, 1, 1, 1, 1, 1, 1, 1, 1, 1, 1, 1, 1),
(10, 2, NULL, 2, 1, 2, 1, 1, 3, 3, 1, 3, 1, 3, 2, 1, 3, 3),
(10, 3, NULL, NULL, NULL, NULL, NULL, NULL, NULL, NULL, NULL, NULL, NULL, NULL, NULL, NULL, NULL, NULL),
(10, 4, NULL, NULL, NULL, NULL, NULL, NULL, NULL, NULL, NULL, NULL, NULL, NULL, NULL, NULL, NULL, NULL),
(10, 5, NULL, NULL, NULL, NULL, NULL, NULL, NULL, NULL, NULL, NULL, NULL, NULL, NULL, NULL, NULL, NULL),
(10, 6, NULL, NULL, NULL, NULL, NULL, NULL, NULL, NULL, NULL, NULL, NULL, NULL, NULL, NULL, NULL, NULL),
(10, 7, NULL, NULL, NULL, NULL, NULL, NULL, NULL, NULL, NULL, NULL, NULL, NULL, NULL, NULL, NULL, NULL),
(10, 8, NULL, NULL, NULL, NULL, NULL, NULL, NULL, NULL, NULL, NULL, NULL, NULL, NULL, NULL, NULL, NULL),
(10, 9, NULL, NULL, NULL, NULL, NULL, NULL, NULL, NULL, NULL, NULL, NULL, NULL, NULL, NULL, NULL, NULL),
(10, 10, NULL, NULL, NULL, NULL, NULL, NULL, NULL, NULL, NULL, NULL, NULL, NULL, NULL, NULL, NULL, NULL),
(11, 1, NULL, 1, 2, 1, 1, 1, 1, 1, 1, 1, 1, 1, 1, 1, 1, 1),
(11, 2, NULL, 3, 2, 2, 2, 3, 1, 2, 2, 3, 1, 1, 2, 2, 2, 3),
(11, 3, NULL, NULL, NULL, NULL, NULL, NULL, NULL, NULL, NULL, NULL, NULL, NULL, NULL, NULL, NULL, NULL),
(11, 4, NULL, NULL, NULL, NULL, NULL, NULL, NULL, NULL, NULL, NULL, NULL, NULL, NULL, NULL, NULL, NULL),
(11, 5, NULL, NULL, NULL, NULL, NULL, NULL, NULL, NULL, NULL, NULL, NULL, NULL, NULL, NULL, NULL, NULL),
(11, 6, NULL, NULL, NULL, NULL, NULL, NULL, NULL, NULL, NULL, NULL, NULL, NULL, NULL, NULL, NULL, NULL),
(11, 7, NULL, NULL, NULL, NULL, NULL, NULL, NULL, NULL, NULL, NULL, NULL, NULL, NULL, NULL, NULL, NULL),
(11, 8, NULL, NULL, NULL, NULL, NULL, NULL, NULL, NULL, NULL, NULL, NULL, NULL, NULL, NULL, NULL, NULL),
(11, 9, NULL, NULL, NULL, NULL, NULL, NULL, NULL, NULL, NULL, NULL, NULL, NULL, NULL, NULL, NULL, NULL),
(11, 10, NULL, NULL, NULL, NULL, NULL, NULL, NULL, NULL, NULL, NULL, NULL, NULL, NULL, NULL, NULL, NULL),
(12, 1, NULL, 1, 1, 1, 1, 1, 1, 1, 1, 1, 1, 1, 1, 1, 1, 1),
(12, 2, NULL, 1, 1, 2, 2, 1, 2, 1, 1, 3, 2, 3, 1, 1, 3, 1),
(12, 3, NULL, NULL, NULL, NULL, NULL, NULL, NULL, NULL, NULL, NULL, NULL, NULL, NULL, NULL, NULL, NULL),
(12, 4, NULL, NULL, NULL, NULL, NULL, NULL, NULL, NULL, NULL, NULL, NULL, NULL, NULL, NULL, NULL, NULL),
(12, 5, NULL, NULL, NULL, NULL, NULL, NULL, NULL, NULL, NULL, NULL, NULL, NULL, NULL, NULL, NULL, NULL),
(12, 6, NULL, NULL, NULL, NULL, NULL, NULL, NULL, NULL, NULL, NULL, NULL, NULL, NULL, NULL, NULL, NULL),
(12, 7, NULL, NULL, NULL, NULL, NULL, NULL, NULL, NULL, NULL, NULL, NULL, NULL, NULL, NULL, NULL, NULL),
(12, 8, NULL, NULL, NULL, NULL, NULL, NULL, NULL, NULL, NULL, NULL, NULL, NULL, NULL, NULL, NULL, NULL),
(12, 9, NULL, NULL, NULL, NULL, NULL, NULL, NULL, NULL, NULL, NULL, NULL, NULL, NULL, NULL, NULL, NULL),
(12, 10, NULL, NULL, NULL, NULL, NULL, NULL, NULL, NULL, NULL, NULL, NULL, NULL, NULL, NULL, NULL, NULL),
(13, 1, NULL, 1, 3, 1, 1, 1, 1, 1, 1, 1, 1, 1, 1, 1, 1, 1),
(13, 2, NULL, 2, 2, 1, 3, 3, 1, 1, 1, 3, 1, 1, 2, 1, 3, 3),
(13, 3, NULL, NULL, NULL, NULL, NULL, NULL, NULL, NULL, NULL, NULL, NULL, NULL, NULL, NULL, NULL, NULL),
(13, 4, NULL, NULL, NULL, NULL, NULL, NULL, NULL, NULL, NULL, NULL, NULL, NULL, NULL, NULL, NULL, NULL),
(13, 5, NULL, NULL, NULL, NULL, NULL, NULL, NULL, NULL, NULL, NULL, NULL, NULL, NULL, NULL, NULL, NULL),
(13, 6, NULL, NULL, NULL, NULL, NULL, NULL, NULL, NULL, NULL, NULL, NULL, NULL, NULL, NULL, NULL, NULL),
(13, 7, NULL, NULL, NULL, NULL, NULL, NULL, NULL, NULL, NULL, NULL, NULL, NULL, NULL, NULL, NULL, NULL),
(13, 8, NULL, NULL, NULL, NULL, NULL, NULL, NULL, NULL, NULL, NULL, NULL, NULL, NULL, NULL, NULL, NULL),
(13, 9, NULL, NULL, NULL, NULL, NULL, NULL, NULL, NULL, NULL, NULL, NULL, NULL, NULL, NULL, NULL, NULL),
(13, 10, NULL, NULL, NULL, NULL, NULL, NULL, NULL, NULL, NULL, NULL, NULL, NULL, NULL, NULL, NULL, NULL),
(14, 1, NULL, 1, 2, 1, 1, 1, 1, 1, 1, 1, 1, 1, 1, 1, 1, 1),
(14, 2, NULL, 3, 3, 2, 2, 3, 1, 3, 2, 3, 1, 1, 3, 2, 3, 1),
(14, 3, NULL, NULL, NULL, NULL, NULL, NULL, NULL, NULL, NULL, NULL, NULL, NULL, NULL, NULL, NULL, NULL),
(14, 4, NULL, NULL, NULL, NULL, NULL, NULL, NULL, NULL, NULL, NULL, NULL, NULL, NULL, NULL, NULL, NULL),
(14, 5, NULL, NULL, NULL, NULL, NULL, NULL, NULL, NULL, NULL, NULL, NULL, NULL, NULL, NULL, NULL, NULL),
(14, 6, NULL, NULL, NULL, NULL, NULL, NULL, NULL, NULL, NULL, NULL, NULL, NULL, NULL, NULL, NULL, NULL),
(14, 7, NULL, NULL, NULL, NULL, NULL, NULL, NULL, NULL, NULL, NULL, NULL, NULL, NULL, NULL, NULL, NULL),
(14, 8, NULL, NULL, NULL, NULL, NULL, NULL, NULL, NULL, NULL, NULL, NULL, NULL, NULL, NULL, NULL, NULL),
(14, 9, NULL, NULL, NULL, NULL, NULL, NULL, NULL, NULL, NULL, NULL, NULL, NULL, NULL, NULL, NULL, NULL),
(14, 10, NULL, NULL, NULL, NULL, NULL, NULL, NULL, NULL, NULL, NULL, NULL, NULL, NULL, NULL, NULL, NULL),
(15, 1, NULL, 1, 3, 1, 1, 1, 1, 1, 1, 1, 1, 1, 1, 1, 1, 1),
(15, 2, NULL, 3, 2, 1, 2, 1, 1, 2, 1, 3, 1, 1, 2, 1, 3, 1),
(15, 3, NULL, NULL, NULL, NULL, NULL, NULL, NULL, NULL, NULL, NULL, NULL, NULL, NULL, NULL, NULL, NULL),
(15, 4, NULL, NULL, NULL, NULL, NULL, NULL, NULL, NULL, NULL, NULL, NULL, NULL, NULL, NULL, NULL, NULL),
(15, 5, NULL, NULL, NULL, NULL, NULL, NULL, NULL, NULL, NULL, NULL, NULL, NULL, NULL, NULL, NULL, NULL),
(15, 6, NULL, NULL, NULL, NULL, NULL, NULL, NULL, NULL, NULL, NULL, NULL, NULL, NULL, NULL, NULL, NULL),
(15, 7, NULL, NULL, NULL, NULL, NULL, NULL, NULL, NULL, NULL, NULL, NULL, NULL, NULL, NULL, NULL, NULL),
(15, 8, NULL, NULL, NULL, NULL, NULL, NULL, NULL, NULL, NULL, NULL, NULL, NULL, NULL, NULL, NULL, NULL),
(15, 9, NULL, NULL, NULL, NULL, NULL, NULL, NULL, NULL, NULL, NULL, NULL, NULL, NULL, NULL, NULL, NULL),
(15, 10, NULL, NULL, NULL, NULL, NULL, NULL, NULL, NULL, NULL, NULL, NULL, NULL, NULL, NULL, NULL, NULL),
(16, 1, NULL, 1, 3, 1, 1, 1, 1, 1, 1, 1, 1, 1, 1, 1, 1, 1),
(16, 2, NULL, 1, 2, 1, 1, 1, 2, 3, 2, 1, 2, 3, 2, 1, 1, 1),
(16, 3, NULL, NULL, NULL, NULL, NULL, NULL, NULL, NULL, NULL, NULL, NULL, NULL, NULL, NULL, NULL, NULL),
(16, 4, NULL, NULL, NULL, NULL, NULL, NULL, NULL, NULL, NULL, NULL, NULL, NULL, NULL, NULL, NULL, NULL),
(16, 5, NULL, NULL, NULL, NULL, NULL, NULL, NULL, NULL, NULL, NULL, NULL, NULL, NULL, NULL, NULL, NULL),
(16, 6, NULL, NULL, NULL, NULL, NULL, NULL, NULL, NULL, NULL, NULL, NULL, NULL, NULL, NULL, NULL, NULL),
(16, 7, NULL, NULL, NULL, NULL, NULL, NULL, NULL, NULL, NULL, NULL, NULL, NULL, NULL, NULL, NULL, NULL),
(16, 8, NULL, NULL, NULL, NULL, NULL, NULL, NULL, NULL, NULL, NULL, NULL, NULL, NULL, NULL, NULL, NULL),
(16, 9, NULL, NULL, NULL, NULL, NULL, NULL, NULL, NULL, NULL, NULL, NULL, NULL, NULL, NULL, NULL, NULL),
(16, 10, NULL, NULL, NULL, NULL, NULL, NULL, NULL, NULL, NULL, NULL, NULL, NULL, NULL, NULL, NULL, NULL),
(17, 1, NULL, 1, 1, 1, 1, 1, 1, 1, 1, 1, 1, 1, 1, 1, 1, 1),
(17, 2, NULL, 3, 2, 2, 2, 3, 3, 2, 2, 3, 3, 3, 2, 2, 2, 3),
(17, 3, NULL, NULL, NULL, NULL, NULL, NULL, NULL, NULL, NULL, NULL, NULL, NULL, NULL, NULL, NULL, NULL),
(17, 4, NULL, NULL, NULL, NULL, NULL, NULL, NULL, NULL, NULL, NULL, NULL, NULL, NULL, NULL, NULL, NULL),
(17, 5, NULL, NULL, NULL, NULL, NULL, NULL, NULL, NULL, NULL, NULL, NULL, NULL, NULL, NULL, NULL, NULL),
(17, 6, NULL, NULL, NULL, NULL, NULL, NULL, NULL, NULL, NULL, NULL, NULL, NULL, NULL, NULL, NULL, NULL),
(17, 7, NULL, NULL, NULL, NULL, NULL, NULL, NULL, NULL, NULL, NULL, NULL, NULL, NULL, NULL, NULL, NULL),
(17, 8, NULL, NULL, NULL, NULL, NULL, NULL, NULL, NULL, NULL, NULL, NULL, NULL, NULL, NULL, NULL, NULL),
(17, 9, NULL, NULL, NULL, NULL, NULL, NULL, NULL, NULL, NULL, NULL, NULL, NULL, NULL, NULL, NULL, NULL),
(17, 10, NULL, NULL, NULL, NULL, NULL, NULL, NULL, NULL, NULL, NULL, NULL, NULL, NULL, NULL, NULL, NULL),
(18, 1, NULL, 1, 1, 1, 1, 1, 1, 1, 1, 1, 1, 1, 1, 1, 1, 1),
(18, 2, NULL, 3, 2, 1, 2, 3, 3, 2, 1, 3, 3, 3, 2, 1, 3, 3),
(18, 3, NULL, NULL, NULL, NULL, NULL, NULL, NULL, NULL, NULL, NULL, NULL, NULL, NULL, NULL, NULL, NULL),
(18, 4, NULL, NULL, NULL, NULL, NULL, NULL, NULL, NULL, NULL, NULL, NULL, NULL, NULL, NULL, NULL, NULL),
(18, 5, NULL, NULL, NULL, NULL, NULL, NULL, NULL, NULL, NULL, NULL, NULL, NULL, NULL, NULL, NULL, NULL),
(18, 6, NULL, NULL, NULL, NULL, NULL, NULL, NULL, NULL, NULL, NULL, NULL, NULL, NULL, NULL, NULL, NULL),
(18, 7, NULL, NULL, NULL, NULL, NULL, NULL, NULL, NULL, NULL, NULL, NULL, NULL, NULL, NULL, NULL, NULL),
(18, 8, NULL, NULL, NULL, NULL, NULL, NULL, NULL, NULL, NULL, NULL, NULL, NULL, NULL, NULL, NULL, NULL),
(18, 9, NULL, NULL, NULL, NULL, NULL, NULL, NULL, NULL, NULL, NULL, NULL, NULL, NULL, NULL, NULL, NULL),
(18, 10, NULL, NULL, NULL, NULL, NULL, NULL, NULL, NULL, NULL, NULL, NULL, NULL, NULL, NULL, NULL, NULL),
(19, 1, NULL, 1, 1, 1, 1, 1, 1, 1, 1, 1, 1, 1, 1, 1, 1, 1),
(19, 2, NULL, 3, 1, 1, 2, 3, 2, 3, 1, 3, 3, 3, 2, 3, 3, 3),
(19, 3, NULL, NULL, NULL, NULL, NULL, NULL, NULL, NULL, NULL, NULL, NULL, NULL, NULL, NULL, NULL, NULL),
(19, 4, NULL, NULL, NULL, NULL, NULL, NULL, NULL, NULL, NULL, NULL, NULL, NULL, NULL, NULL, NULL, NULL),
(19, 5, NULL, NULL, NULL, NULL, NULL, NULL, NULL, NULL, NULL, NULL, NULL, NULL, NULL, NULL, NULL, NULL),
(19, 6, NULL, NULL, NULL, NULL, NULL, NULL, NULL, NULL, NULL, NULL, NULL, NULL, NULL, NULL, NULL, NULL),
(19, 7, NULL, NULL, NULL, NULL, NULL, NULL, NULL, NULL, NULL, NULL, NULL, NULL, NULL, NULL, NULL, NULL),
(19, 8, NULL, NULL, NULL, NULL, NULL, NULL, NULL, NULL, NULL, NULL, NULL, NULL, NULL, NULL, NULL, NULL),
(19, 9, NULL, NULL, NULL, NULL, NULL, NULL, NULL, NULL, NULL, NULL, NULL, NULL, NULL, NULL, NULL, NULL),
(19, 10, NULL, NULL, NULL, NULL, NULL, NULL, NULL, NULL, NULL, NULL, NULL, NULL, NULL, NULL, NULL, NULL),
(20, 1, NULL, 1, 1, 1, 1, 1, 1, 1, 1, 1, 1, 1, 1, 1, 1, 1),
(20, 2, 'asdasd', 1, 2, 3, 1, 2, 2, 1, 3, 3, 2, 1, 3, 1, 2, 3),
(20, 3, NULL, NULL, NULL, NULL, NULL, NULL, NULL, NULL, NULL, NULL, NULL, NULL, NULL, NULL, NULL, NULL),
(20, 4, NULL, NULL, NULL, NULL, NULL, NULL, NULL, NULL, NULL, NULL, NULL, NULL, NULL, NULL, NULL, NULL),
(20, 5, NULL, NULL, NULL, NULL, NULL, NULL, NULL, NULL, NULL, NULL, NULL, NULL, NULL, NULL, NULL, NULL),
(20, 6, NULL, NULL, NULL, NULL, NULL, NULL, NULL, NULL, NULL, NULL, NULL, NULL, NULL, NULL, NULL, NULL),
(20, 7, NULL, NULL, NULL, NULL, NULL, NULL, NULL, NULL, NULL, NULL, NULL, NULL, NULL, NULL, NULL, NULL),
(20, 8, NULL, NULL, NULL, NULL, NULL, NULL, NULL, NULL, NULL, NULL, NULL, NULL, NULL, NULL, NULL, NULL),
(20, 9, NULL, NULL, NULL, NULL, NULL, NULL, NULL, NULL, NULL, NULL, NULL, NULL, NULL, NULL, NULL, NULL),
(20, 10, NULL, NULL, NULL, NULL, NULL, NULL, NULL, NULL, NULL, NULL, NULL, NULL, NULL, NULL, NULL, NULL),
(21, 1, NULL, 1, 2, 1, 1, 1, 1, 1, 1, 1, 1, 1, 1, 1, 1, 1),
(21, 2, 'sadasd', 2, 3, 2, 1, 3, 2, 1, 3, 3, 3, 3, 2, 1, 1, 1),
(21, 3, NULL, NULL, NULL, NULL, NULL, NULL, NULL, NULL, NULL, NULL, NULL, NULL, NULL, NULL, NULL, NULL),
(21, 4, NULL, NULL, NULL, NULL, NULL, NULL, NULL, NULL, NULL, NULL, NULL, NULL, NULL, NULL, NULL, NULL),
(21, 5, NULL, NULL, NULL, NULL, NULL, NULL, NULL, NULL, NULL, NULL, NULL, NULL, NULL, NULL, NULL, NULL),
(21, 6, NULL, NULL, NULL, NULL, NULL, NULL, NULL, NULL, NULL, NULL, NULL, NULL, NULL, NULL, NULL, NULL),
(21, 7, NULL, NULL, NULL, NULL, NULL, NULL, NULL, NULL, NULL, NULL, NULL, NULL, NULL, NULL, NULL, NULL),
(21, 8, NULL, NULL, NULL, NULL, NULL, NULL, NULL, NULL, NULL, NULL, NULL, NULL, NULL, NULL, NULL, NULL),
(21, 9, NULL, NULL, NULL, NULL, NULL, NULL, NULL, NULL, NULL, NULL, NULL, NULL, NULL, NULL, NULL, NULL),
(21, 10, NULL, NULL, NULL, NULL, NULL, NULL, NULL, NULL, NULL, NULL, NULL, NULL, NULL, NULL, NULL, NULL),
(22, 1, NULL, 1, 3, 1, 1, 1, 1, 1, 1, 1, 1, 1, 1, 1, 1, 1),
(22, 2, NULL, 1, 1, 2, 2, 1, 2, 3, 1, 3, 2, 3, 2, 1, 3, 1),
(22, 3, NULL, NULL, NULL, NULL, NULL, NULL, NULL, NULL, NULL, NULL, NULL, NULL, NULL, NULL, NULL, NULL),
(22, 4, NULL, NULL, NULL, NULL, NULL, NULL, NULL, NULL, NULL, NULL, NULL, NULL, NULL, NULL, NULL, NULL),
(22, 5, NULL, NULL, NULL, NULL, NULL, NULL, NULL, NULL, NULL, NULL, NULL, NULL, NULL, NULL, NULL, NULL),
(22, 6, NULL, NULL, NULL, NULL, NULL, NULL, NULL, NULL, NULL, NULL, NULL, NULL, NULL, NULL, NULL, NULL),
(22, 7, NULL, NULL, NULL, NULL, NULL, NULL, NULL, NULL, NULL, NULL, NULL, NULL, NULL, NULL, NULL, NULL),
(22, 8, NULL, NULL, NULL, NULL, NULL, NULL, NULL, NULL, NULL, NULL, NULL, NULL, NULL, NULL, NULL, NULL),
(22, 9, NULL, NULL, NULL, NULL, NULL, NULL, NULL, NULL, NULL, NULL, NULL, NULL, NULL, NULL, NULL, NULL),
(22, 10, NULL, NULL, NULL, NULL, NULL, NULL, NULL, NULL, NULL, NULL, NULL, NULL, NULL, NULL, NULL, NULL),
(23, 1, NULL, 1, 3, 1, 1, 1, 1, 1, 1, 1, 1, 1, 1, 1, 1, 1),
(23, 2, 'adsasdc', 2, 1, 2, 3, 2, 1, 3, 1, 2, 3, 1, 2, 1, 1, 1),
(23, 3, NULL, NULL, NULL, NULL, NULL, NULL, NULL, NULL, NULL, NULL, NULL, NULL, NULL, NULL, NULL, NULL),
(23, 4, NULL, NULL, NULL, NULL, NULL, NULL, NULL, NULL, NULL, NULL, NULL, NULL, NULL, NULL, NULL, NULL),
(23, 5, NULL, NULL, NULL, NULL, NULL, NULL, NULL, NULL, NULL, NULL, NULL, NULL, NULL, NULL, NULL, NULL),
(23, 6, NULL, NULL, NULL, NULL, NULL, NULL, NULL, NULL, NULL, NULL, NULL, NULL, NULL, NULL, NULL, NULL),
(23, 7, NULL, NULL, NULL, NULL, NULL, NULL, NULL, NULL, NULL, NULL, NULL, NULL, NULL, NULL, NULL, NULL),
(23, 8, NULL, NULL, NULL, NULL, NULL, NULL, NULL, NULL, NULL, NULL, NULL, NULL, NULL, NULL, NULL, NULL),
(23, 9, NULL, NULL, NULL, NULL, NULL, NULL, NULL, NULL, NULL, NULL, NULL, NULL, NULL, NULL, NULL, NULL),
(23, 10, NULL, NULL, NULL, NULL, NULL, NULL, NULL, NULL, NULL, NULL, NULL, NULL, NULL, NULL, NULL, NULL),
(24, 1, NULL, 1, 1, 1, 1, 1, 1, 1, 1, 1, 1, 1, 1, 1, 1, 1),
(24, 2, 'sadasd', 1, 1, 1, 1, 1, 1, 1, 2, 2, 2, 2, 2, 3, 3, 3),
(24, 3, NULL, NULL, NULL, NULL, NULL, NULL, NULL, NULL, NULL, NULL, NULL, NULL, NULL, NULL, NULL, NULL),
(24, 4, NULL, NULL, NULL, NULL, NULL, NULL, NULL, NULL, NULL, NULL, NULL, NULL, NULL, NULL, NULL, NULL),
(24, 5, NULL, NULL, NULL, NULL, NULL, NULL, NULL, NULL, NULL, NULL, NULL, NULL, NULL, NULL, NULL, NULL),
(24, 6, NULL, NULL, NULL, NULL, NULL, NULL, NULL, NULL, NULL, NULL, NULL, NULL, NULL, NULL, NULL, NULL),
(24, 7, NULL, NULL, NULL, NULL, NULL, NULL, NULL, NULL, NULL, NULL, NULL, NULL, NULL, NULL, NULL, NULL),
(24, 8, NULL, NULL, NULL, NULL, NULL, NULL, NULL, NULL, NULL, NULL, NULL, NULL, NULL, NULL, NULL, NULL),
(24, 9, NULL, NULL, NULL, NULL, NULL, NULL, NULL, NULL, NULL, NULL, NULL, NULL, NULL, NULL, NULL, NULL),
(24, 10, NULL, NULL, NULL, NULL, NULL, NULL, NULL, NULL, NULL, NULL, NULL, NULL, NULL, NULL, NULL, NULL),
(25, 1, NULL, 1, 2, 1, 1, 1, 1, 1, 1, 1, 1, 1, 1, 1, 1, 1),
(25, 2, NULL, 2, 2, 1, 1, 1, 2, 3, 2, 3, 2, 3, 2, 1, 3, 1),
(25, 3, NULL, NULL, NULL, NULL, NULL, NULL, NULL, NULL, NULL, NULL, NULL, NULL, NULL, NULL, NULL, NULL),
(25, 4, NULL, NULL, NULL, NULL, NULL, NULL, NULL, NULL, NULL, NULL, NULL, NULL, NULL, NULL, NULL, NULL),
(25, 5, NULL, NULL, NULL, NULL, NULL, NULL, NULL, NULL, NULL, NULL, NULL, NULL, NULL, NULL, NULL, NULL),
(25, 6, NULL, NULL, NULL, NULL, NULL, NULL, NULL, NULL, NULL, NULL, NULL, NULL, NULL, NULL, NULL, NULL),
(25, 7, NULL, NULL, NULL, NULL, NULL, NULL, NULL, NULL, NULL, NULL, NULL, NULL, NULL, NULL, NULL, NULL),
(25, 8, NULL, NULL, NULL, NULL, NULL, NULL, NULL, NULL, NULL, NULL, NULL, NULL, NULL, NULL, NULL, NULL),
(25, 9, NULL, NULL, NULL, NULL, NULL, NULL, NULL, NULL, NULL, NULL, NULL, NULL, NULL, NULL, NULL, NULL),
(25, 10, NULL, NULL, NULL, NULL, NULL, NULL, NULL, NULL, NULL, NULL, NULL, NULL, NULL, NULL, NULL, NULL),
(26, 1, NULL, 1, 2, 1, 1, 1, 1, 1, 1, 1, 1, 1, 1, 1, 1, 1),
(26, 2, NULL, 3, 2, 1, 2, 3, 3, 2, 1, 3, 3, 3, 2, 2, 2, 3),
(26, 3, NULL, NULL, NULL, NULL, NULL, NULL, NULL, NULL, NULL, NULL, NULL, NULL, NULL, NULL, NULL, NULL),
(26, 4, NULL, NULL, NULL, NULL, NULL, NULL, NULL, NULL, NULL, NULL, NULL, NULL, NULL, NULL, NULL, NULL),
(26, 5, NULL, NULL, NULL, NULL, NULL, NULL, NULL, NULL, NULL, NULL, NULL, NULL, NULL, NULL, NULL, NULL),
(26, 6, NULL, NULL, NULL, NULL, NULL, NULL, NULL, NULL, NULL, NULL, NULL, NULL, NULL, NULL, NULL, NULL),
(26, 7, NULL, NULL, NULL, NULL, NULL, NULL, NULL, NULL, NULL, NULL, NULL, NULL, NULL, NULL, NULL, NULL),
(26, 8, NULL, NULL, NULL, NULL, NULL, NULL, NULL, NULL, NULL, NULL, NULL, NULL, NULL, NULL, NULL, NULL),
(26, 9, NULL, NULL, NULL, NULL, NULL, NULL, NULL, NULL, NULL, NULL, NULL, NULL, NULL, NULL, NULL, NULL),
(26, 10, NULL, NULL, NULL, NULL, NULL, NULL, NULL, NULL, NULL, NULL, NULL, NULL, NULL, NULL, NULL, NULL),
(27, 1, NULL, 1, 1, 1, 1, 1, 1, 1, 1, 1, 1, 1, 1, 1, 1, 1),
(27, 2, NULL, 3, 2, 1, 2, 3, 1, 2, 2, 3, 1, 1, 2, 1, 3, 1),
(27, 3, NULL, NULL, NULL, NULL, NULL, NULL, NULL, NULL, NULL, NULL, NULL, NULL, NULL, NULL, NULL, NULL),
(27, 4, NULL, NULL, NULL, NULL, NULL, NULL, NULL, NULL, NULL, NULL, NULL, NULL, NULL, NULL, NULL, NULL),
(27, 5, NULL, NULL, NULL, NULL, NULL, NULL, NULL, NULL, NULL, NULL, NULL, NULL, NULL, NULL, NULL, NULL),
(27, 6, NULL, NULL, NULL, NULL, NULL, NULL, NULL, NULL, NULL, NULL, NULL, NULL, NULL, NULL, NULL, NULL),
(27, 7, NULL, NULL, NULL, NULL, NULL, NULL, NULL, NULL, NULL, NULL, NULL, NULL, NULL, NULL, NULL, NULL),
(27, 8, NULL, NULL, NULL, NULL, NULL, NULL, NULL, NULL, NULL, NULL, NULL, NULL, NULL, NULL, NULL, NULL),
(27, 9, NULL, NULL, NULL, NULL, NULL, NULL, NULL, NULL, NULL, NULL, NULL, NULL, NULL, NULL, NULL, NULL),
(27, 10, NULL, NULL, NULL, NULL, NULL, NULL, NULL, NULL, NULL, NULL, NULL, NULL, NULL, NULL, NULL, NULL),
(28, 1, NULL, 1, 1, 1, 1, 1, 1, 1, 1, 1, 1, 1, 1, 1, 1, 1),
(28, 2, NULL, 3, 3, 2, 2, 3, 1, 1, 2, 3, 1, 1, 3, 2, 3, 3),
(28, 3, NULL, NULL, NULL, NULL, NULL, NULL, NULL, NULL, NULL, NULL, NULL, NULL, NULL, NULL, NULL, NULL),
(28, 4, NULL, NULL, NULL, NULL, NULL, NULL, NULL, NULL, NULL, NULL, NULL, NULL, NULL, NULL, NULL, NULL),
(28, 5, NULL, NULL, NULL, NULL, NULL, NULL, NULL, NULL, NULL, NULL, NULL, NULL, NULL, NULL, NULL, NULL),
(28, 6, NULL, NULL, NULL, NULL, NULL, NULL, NULL, NULL, NULL, NULL, NULL, NULL, NULL, NULL, NULL, NULL),
(28, 7, NULL, NULL, NULL, NULL, NULL, NULL, NULL, NULL, NULL, NULL, NULL, NULL, NULL, NULL, NULL, NULL),
(28, 8, NULL, NULL, NULL, NULL, NULL, NULL, NULL, NULL, NULL, NULL, NULL, NULL, NULL, NULL, NULL, NULL),
(28, 9, NULL, NULL, NULL, NULL, NULL, NULL, NULL, NULL, NULL, NULL, NULL, NULL, NULL, NULL, NULL, NULL),
(28, 10, NULL, NULL, NULL, NULL, NULL, NULL, NULL, NULL, NULL, NULL, NULL, NULL, NULL, NULL, NULL, NULL),
(29, 1, NULL, 1, 2, 1, 1, 1, 1, 1, 1, 1, 1, 1, 1, 1, 1, 1),
(29, 2, NULL, 1, 1, 2, 2, 1, 2, 2, 1, 2, 2, 2, 2, 1, 2, 1),
(29, 3, NULL, NULL, NULL, NULL, NULL, NULL, NULL, NULL, NULL, NULL, NULL, NULL, NULL, NULL, NULL, NULL),
(29, 4, NULL, NULL, NULL, NULL, NULL, NULL, NULL, NULL, NULL, NULL, NULL, NULL, NULL, NULL, NULL, NULL),
(29, 5, NULL, NULL, NULL, NULL, NULL, NULL, NULL, NULL, NULL, NULL, NULL, NULL, NULL, NULL, NULL, NULL),
(29, 6, NULL, NULL, NULL, NULL, NULL, NULL, NULL, NULL, NULL, NULL, NULL, NULL, NULL, NULL, NULL, NULL),
(29, 7, NULL, NULL, NULL, NULL, NULL, NULL, NULL, NULL, NULL, NULL, NULL, NULL, NULL, NULL, NULL, NULL),
(29, 8, NULL, NULL, NULL, NULL, NULL, NULL, NULL, NULL, NULL, NULL, NULL, NULL, NULL, NULL, NULL, NULL),
(29, 9, NULL, NULL, NULL, NULL, NULL, NULL, NULL, NULL, NULL, NULL, NULL, NULL, NULL, NULL, NULL, NULL),
(29, 10, NULL, NULL, NULL, NULL, NULL, NULL, NULL, NULL, NULL, NULL, NULL, NULL, NULL, NULL, NULL, NULL),
(30, 1, NULL, 1, 3, 1, 1, 1, 1, 1, 1, 1, 1, 1, 1, 1, 1, 1),
(30, 2, NULL, 1, 1, 2, 2, 3, 1, 1, 2, 3, 1, 1, 3, 2, 3, 3),
(30, 3, NULL, NULL, NULL, NULL, NULL, NULL, NULL, NULL, NULL, NULL, NULL, NULL, NULL, NULL, NULL, NULL),
(30, 4, NULL, NULL, NULL, NULL, NULL, NULL, NULL, NULL, NULL, NULL, NULL, NULL, NULL, NULL, NULL, NULL),
(30, 5, NULL, NULL, NULL, NULL, NULL, NULL, NULL, NULL, NULL, NULL, NULL, NULL, NULL, NULL, NULL, NULL),
(30, 6, NULL, NULL, NULL, NULL, NULL, NULL, NULL, NULL, NULL, NULL, NULL, NULL, NULL, NULL, NULL, NULL),
(30, 7, NULL, NULL, NULL, NULL, NULL, NULL, NULL, NULL, NULL, NULL, NULL, NULL, NULL, NULL, NULL, NULL),
(30, 8, NULL, NULL, NULL, NULL, NULL, NULL, NULL, NULL, NULL, NULL, NULL, NULL, NULL, NULL, NULL, NULL),
(30, 9, NULL, NULL, NULL, NULL, NULL, NULL, NULL, NULL, NULL, NULL, NULL, NULL, NULL, NULL, NULL, NULL),
(30, 10, NULL, NULL, NULL, NULL, NULL, NULL, NULL, NULL, NULL, NULL, NULL, NULL, NULL, NULL, NULL, NULL),
(301, 133, NULL, NULL, NULL, NULL, NULL, NULL, NULL, NULL, NULL, NULL, NULL, NULL, NULL, NULL, NULL, NULL),
(303, 136, NULL, NULL, NULL, NULL, NULL, NULL, NULL, NULL, NULL, NULL, NULL, NULL, NULL, NULL, NULL, NULL),
(306, 136, NULL, NULL, NULL, NULL, NULL, NULL, NULL, NULL, NULL, NULL, NULL, NULL, NULL, NULL, NULL, NULL),
(314, 134, NULL, NULL, NULL, NULL, NULL, NULL, NULL, NULL, NULL, NULL, NULL, NULL, NULL, NULL, NULL, NULL),
(315, 135, NULL, NULL, NULL, NULL, NULL, NULL, NULL, NULL, NULL, NULL, NULL, NULL, NULL, NULL, NULL, NULL),
(316, 135, NULL, NULL, NULL, NULL, NULL, NULL, NULL, NULL, NULL, NULL, NULL, NULL, NULL, NULL, NULL, NULL),
(317, 135, NULL, NULL, NULL, NULL, NULL, NULL, NULL, NULL, NULL, NULL, NULL, NULL, NULL, NULL, NULL, NULL),
(318, 143, 'ZYEHYMe', NULL, NULL, NULL, NULL, NULL, NULL, NULL, NULL, NULL, NULL, NULL, NULL, NULL, NULL, NULL),
(319, 143, 'LOWNYMe', NULL, NULL, NULL, NULL, NULL, NULL, NULL, NULL, NULL, NULL, NULL, NULL, NULL, NULL, NULL),
(320, 143, 'HRAIIMe', NULL, NULL, NULL, NULL, NULL, NULL, NULL, NULL, NULL, NULL, NULL, NULL, NULL, NULL, NULL),
(321, 143, 'ICXEYMe', NULL, NULL, NULL, NULL, NULL, NULL, NULL, NULL, NULL, NULL, NULL, NULL, NULL, NULL, NULL),
(322, 143, 'AOTBNMe', NULL, NULL, NULL, NULL, NULL, NULL, NULL, NULL, NULL, NULL, NULL, NULL, NULL, NULL, NULL),
(323, 143, 'PNVTWMe', NULL, NULL, NULL, NULL, NULL, NULL, NULL, NULL, NULL, NULL, NULL, NULL, NULL, NULL, NULL),
(324, 143, 'NVLSDMe', NULL, NULL, NULL, NULL, NULL, NULL, NULL, NULL, NULL, NULL, NULL, NULL, NULL, NULL, NULL),
(325, 143, 'DWAKJMe', NULL, NULL, NULL, NULL, NULL, NULL, NULL, NULL, NULL, NULL, NULL, NULL, NULL, NULL, NULL),
(326, 144, 'INNEXqu', NULL, NULL, NULL, NULL, NULL, NULL, NULL, NULL, NULL, NULL, NULL, NULL, NULL, NULL, NULL),
(327, 144, 'FLMCKqu', 1, 2, 2, 1, 3, 1, 2, 3, 1, 2, 3, 1, 2, 1, 2),
(331, 146, 'ESAINas', 1, 2, 2, 1, 2, 1, 3, 2, 1, 3, 1, 2, 1, 3, 1),
(332, 146, 'LLKCGas', 1, 2, 3, 1, 2, 3, 1, 2, 3, 1, 2, 3, 2, 1, 1);

--
-- Índices para tablas volcadas
--

--
-- Indices de la tabla `contiene`
--
ALTER TABLE `contiene`
 ADD PRIMARY KEY (`id_lista`,`id_destinatario`), ADD KEY `id_destinatario` (`id_destinatario`);

--
-- Indices de la tabla `destinatario`
--
ALTER TABLE `destinatario`
 ADD PRIMARY KEY (`id_destinatario`);

--
-- Indices de la tabla `lista`
--
ALTER TABLE `lista`
 ADD PRIMARY KEY (`id_lista`), ADD KEY `id_usuario` (`id_usuario`);

--
-- Indices de la tabla `target`
--
ALTER TABLE `target`
 ADD PRIMARY KEY (`id_target`), ADD KEY `id_usuario` (`id_usuario`);

--
-- Indices de la tabla `usuario`
--
ALTER TABLE `usuario`
 ADD PRIMARY KEY (`id_usuario`);

--
-- Indices de la tabla `valoracion`
--
ALTER TABLE `valoracion`
 ADD PRIMARY KEY (`id_destinatario`,`id_target`), ADD KEY `id_target` (`id_target`);

--
-- AUTO_INCREMENT de las tablas volcadas
--

--
-- AUTO_INCREMENT de la tabla `destinatario`
--
ALTER TABLE `destinatario`
MODIFY `id_destinatario` int(100) NOT NULL AUTO_INCREMENT,AUTO_INCREMENT=333;
--
-- AUTO_INCREMENT de la tabla `lista`
--
ALTER TABLE `lista`
MODIFY `id_lista` int(50) NOT NULL AUTO_INCREMENT,AUTO_INCREMENT=108;
--
-- AUTO_INCREMENT de la tabla `target`
--
ALTER TABLE `target`
MODIFY `id_target` int(50) NOT NULL AUTO_INCREMENT,AUTO_INCREMENT=147;
--
-- AUTO_INCREMENT de la tabla `usuario`
--
ALTER TABLE `usuario`
MODIFY `id_usuario` int(5) NOT NULL AUTO_INCREMENT,AUTO_INCREMENT=20;
--
-- Restricciones para tablas volcadas
--

--
-- Filtros para la tabla `contiene`
--
ALTER TABLE `contiene`
ADD CONSTRAINT `contiene_ibfk_1` FOREIGN KEY (`id_lista`) REFERENCES `lista` (`id_lista`) ON DELETE CASCADE ON UPDATE CASCADE,
ADD CONSTRAINT `contiene_ibfk_2` FOREIGN KEY (`id_destinatario`) REFERENCES `destinatario` (`id_destinatario`) ON DELETE CASCADE ON UPDATE CASCADE;

--
-- Filtros para la tabla `lista`
--
ALTER TABLE `lista`
ADD CONSTRAINT `lista_ibfk_1` FOREIGN KEY (`id_usuario`) REFERENCES `usuario` (`id_usuario`) ON DELETE CASCADE ON UPDATE CASCADE;

--
-- Filtros para la tabla `target`
--
ALTER TABLE `target`
ADD CONSTRAINT `target_ibfk_1` FOREIGN KEY (`id_usuario`) REFERENCES `usuario` (`id_usuario`) ON DELETE CASCADE ON UPDATE CASCADE;

--
-- Filtros para la tabla `valoracion`
--
ALTER TABLE `valoracion`
ADD CONSTRAINT `valoracion_ibfk_1` FOREIGN KEY (`id_destinatario`) REFERENCES `destinatario` (`id_destinatario`) ON DELETE CASCADE ON UPDATE CASCADE,
ADD CONSTRAINT `valoracion_ibfk_2` FOREIGN KEY (`id_target`) REFERENCES `target` (`id_target`) ON DELETE CASCADE ON UPDATE CASCADE;

/*!40101 SET CHARACTER_SET_CLIENT=@OLD_CHARACTER_SET_CLIENT */;
/*!40101 SET CHARACTER_SET_RESULTS=@OLD_CHARACTER_SET_RESULTS */;
/*!40101 SET COLLATION_CONNECTION=@OLD_COLLATION_CONNECTION */;
